,authorId,createdAt,postId,commentsLink,postTitle,commentCount,collectedAt,topicTag,interactionType
0,u/Emillahr,2024-10-30T21:12:49.553000+0000,t5_2qhcz,https://www.cambridge.org/core/journals/psychological-medicine/article/novel-dualsite-ofcdlpfc-accelerated-repetitive-transcranial-magnetic-stimulation-for-depression-a-pilot-randomized-controlled-study/ED30B28A68EA5B988F00775684C048A1,Applying Magnetic Fields to Both Sides of the Brain Rapidly Alleviates Depression,69,2024-10-31 11:40:30,Psychology,N/A
1,u/a_Ninja_b0y,2024-10-30T18:18:16.337000+0000,t5_2qhcz,https://www.psypost.org/omega-3-intake-linked-to-better-cognitive-health-in-older-adults-study-finds/,"Omega 3 intake linked to better cognitive health in older adults, study finds | Analyzing data from a nationally representative health survvey, researchers discovered that participants who consumed more omega 3 fats scored higher on cognitive tests. ",24,2024-10-31 11:40:30,Psychology,N/A
2,u/chrisdh79,2024-10-30T10:03:39.391000+0000,t5_2qhcz,https://www.psypost.org/new-research-on-female-video-game-characters-uncovers-a-surprising-twist/,"New research on female video game characters uncovers a surprising twist | Female gamers prefer playing as highly sexualized characters, despite disliking them",271,2024-10-31 11:40:30,Psychology,N/A
3,u/Emillahr,2024-10-30T21:12:49.553000+0000,t5_2qhcz,https://www.cambridge.org/core/journals/psychological-medicine/article/novel-dualsite-ofcdlpfc-accelerated-repetitive-transcranial-magnetic-stimulation-for-depression-a-pilot-randomized-controlled-study/ED30B28A68EA5B988F00775684C048A1,Applying Magnetic Fields to Both Sides of the Brain Rapidly Alleviates Depression,69,2024-10-31 11:41:29,Psychology,N/A
4,u/a_Ninja_b0y,2024-10-30T18:18:16.337000+0000,t5_2qhcz,https://www.psypost.org/omega-3-intake-linked-to-better-cognitive-health-in-older-adults-study-finds/,"Omega 3 intake linked to better cognitive health in older adults, study finds | Analyzing data from a nationally representative health survvey, researchers discovered that participants who consumed more omega 3 fats scored higher on cognitive tests. ",24,2024-10-31 11:41:29,Psychology,N/A
5,u/chrisdh79,2024-10-30T10:03:39.391000+0000,t5_2qhcz,https://www.psypost.org/new-research-on-female-video-game-characters-uncovers-a-surprising-twist/,"New research on female video game characters uncovers a surprising twist | Female gamers prefer playing as highly sexualized characters, despite disliking them",271,2024-10-31 11:41:29,Psychology,N/A
6,u/chrisdh79,2024-10-31T09:53:40.448000+0000,t5_2qhcz,https://www.psypost.org/why-do-people-enjoy-horror-movies-new-study-sheds-light/,"Why do people enjoy horror movies | A recent study found that a person’s enjoyment of horror is linked to their curiosity about dark topics, the realism of the scenes, and the intensity of fear they feel.",2,2024-10-31 11:42:06,Psychology,N/A
7,u/Emillahr,2024-10-30T21:12:49.553000+0000,t5_2qhcz,https://www.cambridge.org/core/journals/psychological-medicine/article/novel-dualsite-ofcdlpfc-accelerated-repetitive-transcranial-magnetic-stimulation-for-depression-a-pilot-randomized-controlled-study/ED30B28A68EA5B988F00775684C048A1,Applying Magnetic Fields to Both Sides of the Brain Rapidly Alleviates Depression,70,2024-10-31 11:42:06,Psychology,N/A
8,u/a_Ninja_b0y,2024-10-30T18:18:16.337000+0000,t5_2qhcz,https://www.psypost.org/omega-3-intake-linked-to-better-cognitive-health-in-older-adults-study-finds/,"Omega 3 intake linked to better cognitive health in older adults, study finds | Analyzing data from a nationally representative health survvey, researchers discovered that participants who consumed more omega 3 fats scored higher on cognitive tests. ",24,2024-10-31 11:42:06,Psychology,N/A
9,u/chrisdh79,2024-10-31T09:53:40.448000+0000,t5_2qhcz,https://www.psypost.org/why-do-people-enjoy-horror-movies-new-study-sheds-light/,"Why do people enjoy horror movies | A recent study found that a person’s enjoyment of horror is linked to their curiosity about dark topics, the realism of the scenes, and the intensity of fear they feel.",2,2024-10-31 11:42:43,Psychology,N/A
10,u/Emillahr,2024-10-30T21:12:49.553000+0000,t5_2qhcz,https://www.cambridge.org/core/journals/psychological-medicine/article/novel-dualsite-ofcdlpfc-accelerated-repetitive-transcranial-magnetic-stimulation-for-depression-a-pilot-randomized-controlled-study/ED30B28A68EA5B988F00775684C048A1,Applying Magnetic Fields to Both Sides of the Brain Rapidly Alleviates Depression,70,2024-10-31 11:42:43,Psychology,N/A
11,u/a_Ninja_b0y,2024-10-30T18:18:16.337000+0000,t5_2qhcz,https://www.psypost.org/omega-3-intake-linked-to-better-cognitive-health-in-older-adults-study-finds/,"Omega 3 intake linked to better cognitive health in older adults, study finds | Analyzing data from a nationally representative health survvey, researchers discovered that participants who consumed more omega 3 fats scored higher on cognitive tests. ",24,2024-10-31 11:42:43,Psychology,N/A
12,u/chrisdh79,2024-10-30T12:56:47.244000+0000,t5_2qhcz,https://www.psypost.org/high-fluid-intelligence-boosts-ability-to-accept-corrected-misinformation/,High fluid intelligence boosts ability to accept corrected misinformation,10,2024-10-31 11:43:22,Psychology,N/A
13,u/Emillahr,2024-10-30T21:12:49.553000+0000,t5_2qhcz,https://www.cambridge.org/core/journals/psychological-medicine/article/novel-dualsite-ofcdlpfc-accelerated-repetitive-transcranial-magnetic-stimulation-for-depression-a-pilot-randomized-controlled-study/ED30B28A68EA5B988F00775684C048A1,Applying Magnetic Fields to Both Sides of the Brain Rapidly Alleviates Depression,70,2024-10-31 11:43:22,Psychology,N/A
14,u/a_Ninja_b0y,2024-10-30T18:18:16.337000+0000,t5_2qhcz,https://www.psypost.org/omega-3-intake-linked-to-better-cognitive-health-in-older-adults-study-finds/,"Omega 3 intake linked to better cognitive health in older adults, study finds | Analyzing data from a nationally representative health survvey, researchers discovered that participants who consumed more omega 3 fats scored higher on cognitive tests. ",24,2024-10-31 11:43:22,Psychology,N/A
15,u/chrisdh79,2024-10-31T09:53:40.448000+0000,t5_2qhcz,https://www.psypost.org/why-do-people-enjoy-horror-movies-new-study-sheds-light/,"Why do people enjoy horror movies | A recent study found that a person’s enjoyment of horror is linked to their curiosity about dark topics, the realism of the scenes, and the intensity of fear they feel.",2,2024-10-31 11:44:00,Psychology,N/A
16,u/chrisdh79,2024-10-30T12:56:47.244000+0000,t5_2qhcz,https://www.psypost.org/high-fluid-intelligence-boosts-ability-to-accept-corrected-misinformation/,High fluid intelligence boosts ability to accept corrected misinformation,10,2024-10-31 11:44:40,Psychology,N/A
17,u/Emillahr,2024-10-30T21:12:49.553000+0000,t5_2qhcz,https://www.cambridge.org/core/journals/psychological-medicine/article/novel-dualsite-ofcdlpfc-accelerated-repetitive-transcranial-magnetic-stimulation-for-depression-a-pilot-randomized-controlled-study/ED30B28A68EA5B988F00775684C048A1,Applying Magnetic Fields to Both Sides of the Brain Rapidly Alleviates Depression,70,2024-10-31 11:44:40,Psychology,N/A
18,u/a_Ninja_b0y,2024-10-30T18:18:16.337000+0000,t5_2qhcz,https://www.psypost.org/omega-3-intake-linked-to-better-cognitive-health-in-older-adults-study-finds/,"Omega 3 intake linked to better cognitive health in older adults, study finds | Analyzing data from a nationally representative health survvey, researchers discovered that participants who consumed more omega 3 fats scored higher on cognitive tests. ",24,2024-10-31 11:44:40,Psychology,N/A
19,u/chrisdh79,2024-10-28T14:16:19.543000+0000,t5_2qhcz,https://www.psypost.org/intelligent-men-exhibit-stronger-commitment-and-lower-hostility-in-romantic-relationships/,Intelligent men exhibit stronger commitment and lower hostility in romantic relationships | There is also evidence that intelligence supports self-regulation—potentially reducing harmful impulses in relationships.,134,2024-10-31 11:45:19,Psychology,N/A
20,u/KingSash,2024-10-27T22:31:41.943000+0000,t5_2qhcz,https://www.psypost.org/depressed-individuals-mind-wander-over-twice-as-often-study-finds/,"Depressed individuals mind-wander over twice as often, study finds",74,2024-10-31 11:45:19,Psychology,N/A
21,u/chrisdh79,2024-10-25T12:24:45.755000+0000,t5_2qhcz,https://www.psypost.org/new-psychology-research-reveals-how-ones-own-personality-predicts-long-term-relationship-satisfaction/,"A recent study found that relationship satisfaction over a nine-year period is primarily influenced by one’s own personality traits, with Neuroticism having a negative effect and Conscientiousness a positive effect, while partner traits had negligible impact.",78,2024-10-31 11:45:19,Psychology,N/A
22,u/fotogneric,2024-10-11T11:21:29.612000+0000,t5_2qhcz,https://suchscience.net/smarter-men-are-less-aggressive-in-relationships-and-more-committed-study-finds/,"Smarter Men Are Less Aggressive in Relationships and More Committed, Study Finds",356,2024-10-31 11:45:59,Psychology,N/A
23,u/katxwoods,2024-10-06T15:43:35.928000+0000,t5_2qhcz,https://www.medicalnewstoday.com/articles/is-exercise-more-effective-than-medication-for-depression-and-anxiety,Exercise 1.5 times more effective than drugs for depression,360,2024-10-31 11:45:59,Psychology,N/A
24,u/KingSash,2024-10-19T16:09:13.781000+0000,t5_2qhcz,https://www.psypost.org/struggles-with-masculinity-drive-men-into-incel-communities/,Struggles with masculinity drive men into incel communities,1675,2024-10-31 11:45:59,Psychology,N/A
25,u/sciencealert,2024-09-15T23:22:20.739000+0000,t5_2qhcz,https://www.sciencealert.com/scientists-discover-a-brain-network-twice-the-size-in-depression-patients?utm_source=reddit_post,Scientists Discover a Brain Network Twice The Size in Depression Patients,502,2024-10-31 11:46:41,Psychology,N/A
26,u/fotogneric,2024-10-11T11:21:29.612000+0000,t5_2qhcz,https://suchscience.net/smarter-men-are-less-aggressive-in-relationships-and-more-committed-study-finds/,"Smarter Men Are Less Aggressive in Relationships and More Committed, Study Finds",356,2024-10-31 11:46:41,Psychology,N/A
27,u/katxwoods,2024-10-06T15:43:35.928000+0000,t5_2qhcz,https://www.medicalnewstoday.com/articles/is-exercise-more-effective-than-medication-for-depression-and-anxiety,Exercise 1.5 times more effective than drugs for depression,360,2024-10-31 11:46:41,Psychology,N/A
28,u/bllshrfv,2022-03-11T07:52:59.274000+0000,t5_2qhcz,https://app.autohub.co.bw/baby-boomers-are-more-sensitive-than-millennials-according-to-the-largest-ever-study-on-narcissism/,"Baby boomers are more sensitive than millennials, according to the largest-ever study on narcissism",1956,2024-10-31 11:47:19,Psychology,N/A
29,u/startst5,2023-06-16T16:00:26.284000+0000,t5_2qhcz,https://www.insider.com/white-supremacist-took-mdma-renounces-beliefs-study-2023-6,"A white supremacist took MDMA for a study, and it snapped him out of his beliefs: 'Why am I doing this?'",1390,2024-10-31 11:47:19,Psychology,N/A
30,u/pssyched,2022-03-27T21:16:49.903000+0000,t5_2qhcz,https://www.washingtonpost.com/magazine/2022/03/21/childrens-mental-health-crisis-politicization/?utm_source=instagram&utm_medium=social&utm_campaign=wp_main&crl8_id=8bae4721-71e2-46e1-b701-fb658a63561b,The children’s mental health crisis didn’t start with the pandemic,873,2024-10-31 11:47:19,Psychology,N/A
31,u/Strawbrawry,2024-10-31T02:37:39.572000+0000,t5_2r91v,https://www.reddit.com/r/publichealth/comments/1gg4gjg/yall_are_voting_right/,Y'all are voting right!?,61,2024-10-31 11:47:57,PublicHealth,DISCUSSION
32,u/newzee1,2024-10-30T19:05:18.308000+0000,t5_2r91v,https://www.propublica.org/article/josseli-barnica-death-miscarriage-texas-abortion-ban,A Texas Woman Died After the Hospital Said It Would be a “Crime” to Intervene in Her Miscarriage,5,2024-10-31 11:47:57,PublicHealth,NEWS
33,u/newzee1,2024-10-30T23:01:53.585000+0000,t5_2r91v,https://www.nytimes.com/interactive/2024/10/17/opinion/dobbs-roe-abortion-stories.html?unlocked_article_code=1.WE4.JDYz.FzaHWknNSm3R,This is Post-Roe America,0,2024-10-31 11:47:57,PublicHealth,NEWS
34,u/Feelsthelove,2024-10-30T15:48:09.055000+0000,t5_2tqwy,https://www.reddit.com/r/rheumatoid/comments/1gfpq8a/does_anyone_else_get_painful_joints_and_fatigue/,Does anyone else get painful joints and fatigue when a storm is on the way?,32,2024-10-31 11:55:59,Rheumatoid Arthritis,N/A
35,u/Important-Bid-9792,2024-10-30T20:40:40.273000+0000,t5_2tqwy,https://www.reddit.com/r/rheumatoid/comments/1gfwpqw/gadgets_tricks/,Gadgets & tricks,14,2024-10-31 11:55:59,Rheumatoid Arthritis,N/A
36,u/PM_Me_Gossips,2024-10-30T22:08:11.877000+0000,t5_2tqwy,https://www.reddit.com/r/rheumatoid/comments/1gfyr0z/can_arthritis_cause_recurring_low_grade_fevers/,Can arthritis cause recurring low grade fevers?,25,2024-10-31 11:55:59,Rheumatoid Arthritis,N/A
37,u/Hour-Initiative-5087,2024-10-31T07:31:26.488000+0000,t5_2tqwy,https://www.reddit.com/r/rheumatoid/comments/1gg8yvz/pause_in_taking_mtx/,Pause in taking MTX,0,2024-10-31 11:57:12,Rheumatoid Arthritis,N/A
38,u/TRMite,2024-10-31T03:07:33.668000+0000,t5_2tqwy,https://www.reddit.com/r/rheumatoid/comments/1gg50lq/pain_with_sitting_is_that_a_thing/,Pain with sitting is that a thing?,1,2024-10-31 11:57:12,Rheumatoid Arthritis,N/A
39,u/KhellianTrelnora,2024-10-31T02:29:10.251000+0000,t5_2tqwy,https://www.reddit.com/r/rheumatoid/comments/1gg4ak9/hydroxychloroquine_stomach_pain/,hydroxychloroquine stomach pain?,3,2024-10-31 11:57:12,Rheumatoid Arthritis,N/A
40,u/Feelsthelove,2024-10-30T15:48:09.055000+0000,t5_2tqwy,https://www.reddit.com/r/rheumatoid/comments/1gfpq8a/does_anyone_else_get_painful_joints_and_fatigue/,Does anyone else get painful joints and fatigue when a storm is on the way?,32,2024-10-31 11:57:48,Rheumatoid Arthritis,N/A
41,u/Important-Bid-9792,2024-10-30T20:40:40.273000+0000,t5_2tqwy,https://www.reddit.com/r/rheumatoid/comments/1gfwpqw/gadgets_tricks/,Gadgets & tricks,14,2024-10-31 11:57:48,Rheumatoid Arthritis,N/A
42,u/PM_Me_Gossips,2024-10-30T22:08:11.877000+0000,t5_2tqwy,https://www.reddit.com/r/rheumatoid/comments/1gfyr0z/can_arthritis_cause_recurring_low_grade_fevers/,Can arthritis cause recurring low grade fevers?,25,2024-10-31 11:57:48,Rheumatoid Arthritis,N/A
43,u/Feelsthelove,2024-10-30T15:48:09.055000+0000,t5_2tqwy,https://www.reddit.com/r/rheumatoid/comments/1gfpq8a/does_anyone_else_get_painful_joints_and_fatigue/,Does anyone else get painful joints and fatigue when a storm is on the way?,32,2024-10-31 11:58:24,Rheumatoid Arthritis,N/A
44,u/loquatgobbler,2024-10-30T11:06:51.899000+0000,t5_2tqwy,https://www.reddit.com/r/rheumatoid/comments/1gfjwsk/fatigue_is_driving_me_insane/,Fatigue is driving me insane,13,2024-10-31 11:58:24,Rheumatoid Arthritis,N/A
45,u/Important-Bid-9792,2024-10-30T20:40:40.273000+0000,t5_2tqwy,https://www.reddit.com/r/rheumatoid/comments/1gfwpqw/gadgets_tricks/,Gadgets & tricks,14,2024-10-31 11:58:24,Rheumatoid Arthritis,N/A
46,u/Feelsthelove,2024-10-30T15:48:09.055000+0000,t5_2tqwy,https://www.reddit.com/r/rheumatoid/comments/1gfpq8a/does_anyone_else_get_painful_joints_and_fatigue/,Does anyone else get painful joints and fatigue when a storm is on the way?,32,2024-10-31 11:59:37,Rheumatoid Arthritis,N/A
47,u/loquatgobbler,2024-10-30T11:06:51.899000+0000,t5_2tqwy,https://www.reddit.com/r/rheumatoid/comments/1gfjwsk/fatigue_is_driving_me_insane/,Fatigue is driving me insane,13,2024-10-31 11:59:37,Rheumatoid Arthritis,N/A
48,u/Important-Bid-9792,2024-10-30T20:40:40.273000+0000,t5_2tqwy,https://www.reddit.com/r/rheumatoid/comments/1gfwpqw/gadgets_tricks/,Gadgets & tricks,14,2024-10-31 11:59:37,Rheumatoid Arthritis,N/A
49,u/Feelsthelove,2024-10-30T15:48:09.055000+0000,t5_2tqwy,https://www.reddit.com/r/rheumatoid/comments/1gfpq8a/does_anyone_else_get_painful_joints_and_fatigue/,Does anyone else get painful joints and fatigue when a storm is on the way?,32,2024-10-31 12:00:13,Rheumatoid Arthritis,N/A
50,u/ang3lbby,2024-10-26T14:16:28.668000+0000,t5_2tqwy,https://www.reddit.com/r/rheumatoid/comments/1gcm1qg/humiliation/,Humiliation,11,2024-10-31 12:00:13,Rheumatoid Arthritis,N/A
51,u/LaalaahLisa,2024-10-26T07:53:06.804000+0000,t5_2tqwy,https://www.reddit.com/r/rheumatoid/comments/1gcg04b/the_fatigue_is_the_worst_part_of_this/,The fatigue is the worst part of this...,15,2024-10-31 12:00:13,Rheumatoid Arthritis,N/A
52,u/jazlyn_yum69,2024-10-13T17:49:00.577000+0000,t5_2tqwy,https://i.imgur.com/JVdyQoR.jpg,a methotrexate meme for these trying times,37,2024-10-31 12:00:57,Rheumatoid Arthritis,N/A
53,u/Automatic_Fix_2921,2024-10-03T10:32:21.851000+0000,t5_2tqwy,https://i.redd.it/80ul5ia3risd1.jpeg,Walking with RA,32,2024-10-31 12:00:57,Rheumatoid Arthritis,N/A
54,u/Relative_Pizza6179,2024-10-14T21:19:57.828000+0000,t5_2tqwy,https://i.redd.it/svmlpejngsud1.jpeg,My rheumatoid arthritis body looking at this feels jealous 😂,26,2024-10-31 12:00:57,Rheumatoid Arthritis,N/A
55,u/jazlyn_yum69,2024-10-13T17:49:00.577000+0000,t5_2tqwy,https://i.imgur.com/JVdyQoR.jpg,a methotrexate meme for these trying times,37,2024-10-31 12:01:33,Rheumatoid Arthritis,N/A
56,u/Automatic_Fix_2921,2024-10-03T10:32:21.851000+0000,t5_2tqwy,https://i.redd.it/80ul5ia3risd1.jpeg,Walking with RA,32,2024-10-31 12:01:33,Rheumatoid Arthritis,N/A
57,u/Relative_Pizza6179,2024-10-14T21:19:57.828000+0000,t5_2tqwy,https://i.redd.it/svmlpejngsud1.jpeg,My rheumatoid arthritis body looking at this feels jealous 😂,26,2024-10-31 12:01:33,Rheumatoid Arthritis,N/A
58,u/sknamich,2022-03-10T20:19:31.900000+0000,t5_2tqwy,https://i.redd.it/cdh7adca7mm81.jpg,Posting bc memes make me feel like I’m not alone… lol,30,2024-10-31 12:02:09,Rheumatoid Arthritis,N/A
59,u/Golden_Taint,2022-09-30T04:09:09.746000+0000,t5_2tqwy,https://i.imgur.com/Jw5ZTbC.jpg,"Mods are asleep, post RA memes",11,2024-10-31 12:02:09,Rheumatoid Arthritis,N/A
60,u/jazlyn_yum69,2024-10-13T17:49:00.577000+0000,t5_2tqwy,https://i.imgur.com/JVdyQoR.jpg,a methotrexate meme for these trying times,37,2024-10-31 12:02:09,Rheumatoid Arthritis,N/A
61,u/Big-Schlong-Meat,2024-10-30T23:41:16.519000+0000,t5_2qs1d,https://www.reddit.com/r/SleepApnea/comments/1gg0uf2/i_have_an_ahi_of_82_i_was_told_i_sound_like_im/,I have an AHI of 82. I was told I sound like I’m dying all night.,21,2024-10-31 12:02:47,SleepApnea,N/A
62,u/spliffgang,2024-10-31T04:22:23.424000+0000,t5_2qs1d,https://www.reddit.com/r/SleepApnea/comments/1gg6byq/can_i_skip_all_the_bs_and_just_buy_a_cpap/,Can I skip all the BS and just buy a CPAP?,16,2024-10-31 12:02:47,SleepApnea,N/A
63,u/Such-Ice-371,2024-10-31T00:28:13.214000+0000,t5_2qs1d,https://www.reddit.com/r/SleepApnea/comments/1gg1uvp/was_i_just_born_with_bad_genes/,Was I just born with bad genes?,11,2024-10-31 12:02:47,SleepApnea,N/A
64,u/Big-Schlong-Meat,2024-10-30T23:41:16.519000+0000,t5_2qs1d,https://www.reddit.com/r/SleepApnea/comments/1gg0uf2/i_have_an_ahi_of_82_i_was_told_i_sound_like_im/,I have an AHI of 82. I was told I sound like I’m dying all night.,21,2024-10-31 12:03:23,SleepApnea,N/A
65,u/spliffgang,2024-10-31T04:22:23.424000+0000,t5_2qs1d,https://www.reddit.com/r/SleepApnea/comments/1gg6byq/can_i_skip_all_the_bs_and_just_buy_a_cpap/,Can I skip all the BS and just buy a CPAP?,16,2024-10-31 12:03:23,SleepApnea,N/A
66,u/Such-Ice-371,2024-10-31T00:28:13.214000+0000,t5_2qs1d,https://www.reddit.com/r/SleepApnea/comments/1gg1uvp/was_i_just_born_with_bad_genes/,Was I just born with bad genes?,11,2024-10-31 12:03:23,SleepApnea,N/A
67,u/contentorcomfortable,2024-10-31T08:51:01.727000+0000,t5_2qs1d,https://www.reddit.com/r/SleepApnea/comments/1gg9ygk/heated_tube_question/,Heated tube Question,0,2024-10-31 12:03:59,SleepApnea,N/A
68,u/rayshoesmith23,2024-10-31T08:28:58.066000+0000,t5_2qs1d,https://www.reddit.com/r/SleepApnea/comments/1gg9omw/symptoms/,Symptoms ,0,2024-10-31 12:03:59,SleepApnea,N/A
69,u/m00nf1r3,2024-10-31T08:22:47.718000+0000,t5_2qs1d,https://www.reddit.com/r/SleepApnea/comments/1gg9lum/cpap_makes_me_want_to_yawn_constantly/,CPAP makes me want to yawn constantly. ,0,2024-10-31 12:03:59,SleepApnea,N/A
70,u/Big-Schlong-Meat,2024-10-30T23:41:16.519000+0000,t5_2qs1d,https://www.reddit.com/r/SleepApnea/comments/1gg0uf2/i_have_an_ahi_of_82_i_was_told_i_sound_like_im/,I have an AHI of 82. I was told I sound like I’m dying all night.,21,2024-10-31 12:04:35,SleepApnea,N/A
71,u/spliffgang,2024-10-31T04:22:23.424000+0000,t5_2qs1d,https://www.reddit.com/r/SleepApnea/comments/1gg6byq/can_i_skip_all_the_bs_and_just_buy_a_cpap/,Can I skip all the BS and just buy a CPAP?,16,2024-10-31 12:04:35,SleepApnea,N/A
72,u/Such-Ice-371,2024-10-31T00:28:13.214000+0000,t5_2qs1d,https://www.reddit.com/r/SleepApnea/comments/1gg1uvp/was_i_just_born_with_bad_genes/,Was I just born with bad genes?,11,2024-10-31 12:04:35,SleepApnea,N/A
73,u/dontontwo,2024-10-30T13:12:53.342000+0000,t5_2qs1d,https://www.reddit.com/r/SleepApnea/comments/1gfm6yh/pulmonologist_recommended_against_inspire/,Pulmonologist recommended against Inspire. ,64,2024-10-31 12:05:11,SleepApnea,N/A
74,u/Big-Schlong-Meat,2024-10-30T23:41:16.519000+0000,t5_2qs1d,https://www.reddit.com/r/SleepApnea/comments/1gg0uf2/i_have_an_ahi_of_82_i_was_told_i_sound_like_im/,I have an AHI of 82. I was told I sound like I’m dying all night.,21,2024-10-31 12:05:11,SleepApnea,N/A
75,u/ReliableEyeball,2024-10-30T19:51:00.392000+0000,t5_2qs1d,https://www.reddit.com/r/SleepApnea/comments/1gfvjlu/my_ahi_is_708_per_hour_i_was_told_thats_bad/,My AHI is 70.8 per hour. I was told that's bad. ,42,2024-10-31 12:05:11,SleepApnea,N/A
76,u/dontontwo,2024-10-30T13:12:53.342000+0000,t5_2qs1d,https://www.reddit.com/r/SleepApnea/comments/1gfm6yh/pulmonologist_recommended_against_inspire/,Pulmonologist recommended against Inspire. ,64,2024-10-31 12:06:25,SleepApnea,N/A
77,u/Big-Schlong-Meat,2024-10-30T23:41:16.519000+0000,t5_2qs1d,https://www.reddit.com/r/SleepApnea/comments/1gg0uf2/i_have_an_ahi_of_82_i_was_told_i_sound_like_im/,I have an AHI of 82. I was told I sound like I’m dying all night.,21,2024-10-31 12:06:25,SleepApnea,N/A
78,u/ReliableEyeball,2024-10-30T19:51:00.392000+0000,t5_2qs1d,https://www.reddit.com/r/SleepApnea/comments/1gfvjlu/my_ahi_is_708_per_hour_i_was_told_thats_bad/,My AHI is 70.8 per hour. I was told that's bad. ,42,2024-10-31 12:06:25,SleepApnea,N/A
79,u/JohnathanFR32,2024-10-28T12:41:21.041000+0000,t5_2qs1d,https://www.reddit.com/r/SleepApnea/comments/1ge10qg/sleep_apnea_stole_years_from_my_life_and_i_dont/,Sleep apnea stole years from my life and I don’t know how to accept it ,98,2024-10-31 12:07:01,SleepApnea,N/A
80,u/SincerelySasquatch,2024-10-26T03:36:53.693000+0000,t5_2qs1d,https://www.reddit.com/r/SleepApnea/comments/1gcc9hm/got_off_the_cpap/,Got off the CPAP!,25,2024-10-31 12:07:01,SleepApnea,N/A
81,u/dontontwo,2024-10-30T13:12:53.342000+0000,t5_2qs1d,https://www.reddit.com/r/SleepApnea/comments/1gfm6yh/pulmonologist_recommended_against_inspire/,Pulmonologist recommended against Inspire. ,64,2024-10-31 12:07:01,SleepApnea,N/A
82,u/SaltyPepper99,2024-10-14T22:36:18.371000+0000,t5_2qs1d,https://www.reddit.com/r/SleepApnea/comments/1g3strr/i_died_and_was_brought_back/,I Died and was Brought Back,131,2024-10-31 12:07:38,SleepApnea,N/A
83,u/AstralCoolaid,2024-10-23T16:03:16.793000+0000,t5_2qs1d,https://www.reddit.com/r/SleepApnea/comments/1gae6m4/this_will_literally_kill_you/,This will literally kill you. ,80,2024-10-31 12:07:38,SleepApnea,N/A
84,u/tangerinesmangoes,2024-10-23T23:52:24.221000+0000,t5_2qs1d,https://www.reddit.com/r/SleepApnea/comments/1gap3x8/my_whole_mind_has_transformed_because_of_cpap_and/,My whole mind has transformed because of CPAP and it's freaking me out,80,2024-10-31 12:07:38,SleepApnea,N/A
85,u/painandsuffering3,2024-07-21T12:38:31.439000+0000,t5_2qs1d,https://www.reddit.com/r/SleepApnea/comments/1e8ldxw/sleep_apnea_is_so_conceptually_ridiculous/,Sleep apnea is so conceptually ridiculous.,152,2024-10-31 12:08:14,SleepApnea,N/A
86,u/SaltyPepper99,2024-10-14T22:36:18.371000+0000,t5_2qs1d,https://www.reddit.com/r/SleepApnea/comments/1g3strr/i_died_and_was_brought_back/,I Died and was Brought Back,131,2024-10-31 12:08:14,SleepApnea,N/A
87,[deleted],2024-01-06T19:08:20.133000+0000,t5_2qs1d,https://www.reddit.com/r/SleepApnea/comments/1907ehb/this_is_the_stupidest_condition_in_existence/,this is the stupidest condition in existence,129,2024-10-31 12:08:14,SleepApnea,N/A
88,u/painandsuffering3,2024-07-21T12:38:31.439000+0000,t5_2qs1d,https://www.reddit.com/r/SleepApnea/comments/1e8ldxw/sleep_apnea_is_so_conceptually_ridiculous/,Sleep apnea is so conceptually ridiculous.,152,2024-10-31 12:08:51,SleepApnea,N/A
89,u/SaltyPepper99,2024-10-14T22:36:18.371000+0000,t5_2qs1d,https://www.reddit.com/r/SleepApnea/comments/1g3strr/i_died_and_was_brought_back/,I Died and was Brought Back,131,2024-10-31 12:08:51,SleepApnea,N/A
90,[deleted],2024-01-06T19:08:20.133000+0000,t5_2qs1d,https://www.reddit.com/r/SleepApnea/comments/1907ehb/this_is_the_stupidest_condition_in_existence/,this is the stupidest condition in existence,129,2024-10-31 12:08:51,SleepApnea,N/A
91,u/Least_Syrup1198,2024-10-31T08:19:23.422000+0000,t5_2s4ni,https://www.reddit.com/r/STD/comments/1gg9k9u/missed_a_day_of_medication_will_completely_cancel/,"Missed a day of medication, will completely cancel my antibiotics?",4,2024-10-31 12:09:27,STD,Text Only
92,u/Bidoxoxo94,2024-10-31T06:21:15.020000+0000,t5_2s4ni,https://www.reddit.com/r/STD/comments/1gg82xq/are_these_genital_warts/,Are these genital warts?,0,2024-10-31 12:09:27,STD,Pictures  In Post
93,u/DifficultTruth7952,2024-10-31T08:29:09.862000+0000,t5_2s4ni,https://www.reddit.com/r/STD/comments/1gg9oq0/possible_herpes/,Possible herpes?,11,2024-10-31 12:09:27,STD,Pictures  In Post
94,u/Least_Syrup1198,2024-10-31T08:19:23.422000+0000,t5_2s4ni,https://www.reddit.com/r/STD/comments/1gg9k9u/missed_a_day_of_medication_will_completely_cancel/,"Missed a day of medication, will completely cancel my antibiotics?",4,2024-10-31 12:10:03,STD,Text Only
95,u/Bidoxoxo94,2024-10-31T06:21:15.020000+0000,t5_2s4ni,https://www.reddit.com/r/STD/comments/1gg82xq/are_these_genital_warts/,Are these genital warts?,0,2024-10-31 12:10:03,STD,Pictures  In Post
96,u/DifficultTruth7952,2024-10-31T08:29:09.862000+0000,t5_2s4ni,https://www.reddit.com/r/STD/comments/1gg9oq0/possible_herpes/,Possible herpes?,11,2024-10-31 12:10:03,STD,Pictures  In Post
97,u/Immediate-Cost-5434,2024-10-31T11:06:52.292000+0000,t5_2s4ni,https://www.reddit.com/r/STD/comments/1ggbv2w/whats_my_risk_of_giving_oral/,Whats my risk of giving oral,0,2024-10-31 12:10:41,STD,Text Only
98,u/Human-Channel-8992,2024-10-31T10:37:28.303000+0000,t5_2s4ni,https://www.reddit.com/r/STD/comments/1ggbe7n/confused_i_tested_positive_he_tested_negative/,"Confused. I tested positive, he tested negative",0,2024-10-31 12:10:41,STD,Text Only
99,u/Fumanii,2024-10-31T08:55:50.491000+0000,t5_2s4ni,https://www.reddit.com/r/STD/comments/1gga0ju/is_this_have_genital_warts_or_molluscum/,Is this have genital warts or molluscum ,0,2024-10-31 12:10:41,STD,Pictures  In Post
100,u/Least_Syrup1198,2024-10-31T08:19:23.422000+0000,t5_2s4ni,https://www.reddit.com/r/STD/comments/1gg9k9u/missed_a_day_of_medication_will_completely_cancel/,"Missed a day of medication, will completely cancel my antibiotics?",4,2024-10-31 12:11:56,STD,Text Only
101,u/PsychologicalSoup516,2024-10-31T09:17:35.780000+0000,t5_2s4ni,https://www.reddit.com/r/STD/comments/1ggab0l/hsv/,HSV?,0,2024-10-31 12:11:56,STD,Pictures  In Post
102,u/Bidoxoxo94,2024-10-31T06:21:15.020000+0000,t5_2s4ni,https://www.reddit.com/r/STD/comments/1gg82xq/are_these_genital_warts/,Are these genital warts?,0,2024-10-31 12:11:56,STD,Pictures  In Post
103,u/One_Yellow_3950,2024-10-30T20:25:07.627000+0000,t5_2s4ni,https://www.reddit.com/r/STD/comments/1gfwczf/std/,Std??!,34,2024-10-31 12:12:32,STD,Pictures  In Post
104,u/Swimming-Giraffe-625,2024-10-30T13:16:56.879000+0000,t5_2s4ni,https://www.reddit.com/r/STD/comments/1gfma7x/is_this_genital_herpes_f/,is this genital herpes (F),45,2024-10-31 12:12:32,STD,Pictures  In Post
105,u/doranoexplorer,2024-10-30T22:35:52.286000+0000,t5_2s4ni,https://www.reddit.com/r/STD/comments/1gfzdsi/is_this_herpes/,Is this herpes ? ,10,2024-10-31 12:12:32,STD,Pictures  In Post
106,u/redditor_1980,2024-10-31T11:11:08.291000+0000,t5_2s4ni,https://www.reddit.com/r/STD/comments/1ggbxmj/genital_warts_or_vestibullar_papillomatosis/,Genital warts or vestibullar papillomatosis?,0,2024-10-31 12:13:09,STD,Pictures  In Post
107,u/Immediate-Cost-5434,2024-10-31T11:06:52.292000+0000,t5_2s4ni,https://www.reddit.com/r/STD/comments/1ggbv2w/whats_my_risk_of_giving_oral/,Whats my risk of giving oral,0,2024-10-31 12:13:09,STD,Text Only
108,u/Human-Channel-8992,2024-10-31T10:37:28.303000+0000,t5_2s4ni,https://www.reddit.com/r/STD/comments/1ggbe7n/confused_i_tested_positive_he_tested_negative/,"Confused. I tested positive, he tested negative",0,2024-10-31 12:13:09,STD,Text Only
109,u/One_Yellow_3950,2024-10-30T20:25:07.627000+0000,t5_2s4ni,https://www.reddit.com/r/STD/comments/1gfwczf/std/,Std??!,34,2024-10-31 12:13:46,STD,Pictures  In Post
110,u/Swimming-Giraffe-625,2024-10-30T13:16:56.879000+0000,t5_2s4ni,https://www.reddit.com/r/STD/comments/1gfma7x/is_this_genital_herpes_f/,is this genital herpes (F),45,2024-10-31 12:13:46,STD,Pictures  In Post
111,u/doranoexplorer,2024-10-30T22:35:52.286000+0000,t5_2s4ni,https://www.reddit.com/r/STD/comments/1gfzdsi/is_this_herpes/,Is this herpes ? ,10,2024-10-31 12:13:46,STD,Pictures  In Post
112,u/Burneraccount0031,2024-10-28T15:05:54.591000+0000,t5_2s4ni,https://www.reddit.com/r/STD/comments/1ge4bkn/im_panicking_and_could_use_some_reassurance_24f/,I’m panicking and could use some reassurance 24F pics included ,111,2024-10-31 12:14:22,STD,Pictures  In Post
113,u/Yellow_corn,2024-10-27T21:18:03.146000+0000,t5_2s4ni,https://www.reddit.com/r/STD/comments/1gdljic/help_please_what_is_this/,Help please 😭🙏 what is this?!?,71,2024-10-31 12:14:22,STD,Pictures  In Post
114,u/baboni2023,2024-10-27T15:53:26.082000+0000,t5_2s4ni,https://www.reddit.com/r/STD/comments/1gde2p2/i_got_syphilis_and_now_have_mental_illness_and/,I got syphilis and now have mental illness and mild heart disease,46,2024-10-31 12:14:22,STD,Text Only
115,u/CreepyUncleJiggalo,2024-10-05T10:09:53.203000+0000,t5_2s4ni,https://www.reddit.com/r/STD/comments/1fwn4qe/well_folks_this_is_herpes/,Well folks this is herpes.,119,2024-10-31 12:14:58,STD,Pictures  In Post
116,[deleted],2024-10-02T15:45:48.300000+0000,t5_2s4ni,https://www.reddit.com/r/STD/comments/1fujcu7/update_the_bumps_look_worse/,UPDATE the bumps look worse,111,2024-10-31 12:14:58,STD,Pictures  In Post
117,u/Burneraccount0031,2024-10-28T15:05:54.591000+0000,t5_2s4ni,https://www.reddit.com/r/STD/comments/1ge4bkn/im_panicking_and_could_use_some_reassurance_24f/,I’m panicking and could use some reassurance 24F pics included ,111,2024-10-31 12:14:58,STD,Pictures  In Post
118,u/No_Height1994,2024-04-22T23:22:18.454000+0000,t5_2s4ni,https://www.reddit.com/r/STD/comments/1capewh/praying_for_all_of_you/,Praying for all of you,24,2024-10-31 12:15:35,STD,Text Only
119,u/Responsible_Cow_1841,2024-03-13T13:01:43.711000+0000,t5_2s4ni,https://www.reddit.com/r/STD/comments/1bdqvvm/hiv_confirmation/,HIV+ Confirmation,124,2024-10-31 12:15:35,STD,Text Only
120,u/Realistic_Kiwi_0101,2023-12-30T15:59:02.805000+0000,t5_2s4ni,https://www.reddit.com/r/STD/comments/18uipio/i_just_got_diagnosed_with_herpes/,I just got diagnosed with herpes,115,2024-10-31 12:15:35,STD,Text Only
121,u/CraftingGlitter,2014-04-08T17:46:43.260000+0000,t5_2s4ni,https://www.reddit.com/r/STD/comments/22j7v2/trying_to_google_pics_of_herpes_is_frustrating/,Trying to google pics of HERPES is frustrating. Here is a pretty standard first outbreak.,380,2024-10-31 12:16:11,STD,N/A
122,u/No_Height1994,2024-04-22T23:22:18.454000+0000,t5_2s4ni,https://www.reddit.com/r/STD/comments/1capewh/praying_for_all_of_you/,Praying for all of you,24,2024-10-31 12:16:11,STD,Text Only
123,u/blueredyellow123456,2021-02-23T09:46:40.092000+0000,t5_2s4ni,https://www.reddit.com/r/STD/comments/lqen4t/sanofi_pasteur_petition_for_hsv/,Sanofi Pasteur - Petition for HSV,36,2024-10-31 12:16:11,STD,Text Only
124,u/Empty_Classic5803,2024-10-31T10:24:34.485000+0000,t5_2tjkc,https://www.reddit.com/r/StopGaming/comments/1ggb7fv/feeling_angry_after_gaming/,Feeling “angry” after gaming,1,2024-10-31 12:16:48,Stop Gaming,Advice
125,u/Worldly_Mountain7034,2024-10-31T04:55:39.781000+0000,t5_2tjkc,https://www.reddit.com/r/StopGaming/comments/1gg6uy9/the_itch_returns_15_years_clean/,The itch returns!!! 1.5 years clean.,6,2024-10-31 12:16:48,Stop Gaming,Relapse
126,u/PardonMaiEnglish,2024-10-30T18:17:06.958000+0000,t5_2tjkc,https://i.redd.it/w0l3ttkjqxxd1.png,why not take a break?,7,2024-10-31 12:16:48,Stop Gaming,Advice
127,u/Empty_Classic5803,2024-10-31T10:24:34.485000+0000,t5_2tjkc,https://www.reddit.com/r/StopGaming/comments/1ggb7fv/feeling_angry_after_gaming/,Feeling “angry” after gaming,1,2024-10-31 12:17:25,Stop Gaming,Advice
128,u/Worldly_Mountain7034,2024-10-31T04:55:39.781000+0000,t5_2tjkc,https://www.reddit.com/r/StopGaming/comments/1gg6uy9/the_itch_returns_15_years_clean/,The itch returns!!! 1.5 years clean.,6,2024-10-31 12:17:25,Stop Gaming,Relapse
129,u/PardonMaiEnglish,2024-10-30T18:17:06.958000+0000,t5_2tjkc,https://i.redd.it/w0l3ttkjqxxd1.png,why not take a break?,7,2024-10-31 12:17:25,Stop Gaming,Advice
130,u/Empty_Classic5803,2024-10-31T10:24:34.485000+0000,t5_2tjkc,https://www.reddit.com/r/StopGaming/comments/1ggb7fv/feeling_angry_after_gaming/,Feeling “angry” after gaming,1,2024-10-31 12:18:01,Stop Gaming,Advice
131,u/Weird-Ad-3787,2024-10-31T06:44:06.630000+0000,t5_2tjkc,https://www.reddit.com/r/StopGaming/comments/1gg8dk5/your_views_on_story_mode_games_vs_competitives/,Your views on Story mode games vs  Competitives games,2,2024-10-31 12:18:01,Stop Gaming,Advice
132,u/Worldly_Mountain7034,2024-10-31T04:55:39.781000+0000,t5_2tjkc,https://www.reddit.com/r/StopGaming/comments/1gg6uy9/the_itch_returns_15_years_clean/,The itch returns!!! 1.5 years clean.,6,2024-10-31 12:18:01,Stop Gaming,Relapse
133,u/Empty_Classic5803,2024-10-31T10:24:34.485000+0000,t5_2tjkc,https://www.reddit.com/r/StopGaming/comments/1ggb7fv/feeling_angry_after_gaming/,Feeling “angry” after gaming,1,2024-10-31 12:18:37,Stop Gaming,Advice
134,u/Worldly_Mountain7034,2024-10-31T04:55:39.781000+0000,t5_2tjkc,https://www.reddit.com/r/StopGaming/comments/1gg6uy9/the_itch_returns_15_years_clean/,The itch returns!!! 1.5 years clean.,6,2024-10-31 12:18:37,Stop Gaming,Relapse
135,u/PardonMaiEnglish,2024-10-30T18:17:06.958000+0000,t5_2tjkc,https://i.redd.it/w0l3ttkjqxxd1.png,why not take a break?,7,2024-10-31 12:18:37,Stop Gaming,Advice
136,u/PardonMaiEnglish,2024-10-30T18:17:06.958000+0000,t5_2tjkc,https://i.redd.it/w0l3ttkjqxxd1.png,why not take a break?,7,2024-10-31 12:19:13,Stop Gaming,Advice
137,u/tennmel,2024-10-30T15:54:41.353000+0000,t5_2tjkc,https://www.reddit.com/r/StopGaming/comments/1gfpvv1/being_addicted_doesnt_necessarily_mean_spending_a/,Being addicted doesn't necessarily mean spending a lot of time... ,17,2024-10-31 12:19:13,Stop Gaming,Newcomer
138,u/Missing_Back,2024-10-30T13:16:42.615000+0000,t5_2tjkc,https://www.reddit.com/r/StopGaming/comments/1gfm9zv/what_am_i_missing_when_comparing_gaming_to_other/,What am I missing when comparing gaming to other hobbies?,23,2024-10-31 12:19:13,Stop Gaming,N/A
139,u/Empty_Classic5803,2024-10-31T10:24:34.485000+0000,t5_2tjkc,https://www.reddit.com/r/StopGaming/comments/1ggb7fv/feeling_angry_after_gaming/,Feeling “angry” after gaming,1,2024-10-31 12:19:49,Stop Gaming,Advice
140,u/PardonMaiEnglish,2024-10-30T18:17:06.958000+0000,t5_2tjkc,https://i.redd.it/w0l3ttkjqxxd1.png,why not take a break?,7,2024-10-31 12:20:25,Stop Gaming,Advice
141,u/tennmel,2024-10-30T15:54:41.353000+0000,t5_2tjkc,https://www.reddit.com/r/StopGaming/comments/1gfpvv1/being_addicted_doesnt_necessarily_mean_spending_a/,Being addicted doesn't necessarily mean spending a lot of time... ,17,2024-10-31 12:20:25,Stop Gaming,Newcomer
142,u/Missing_Back,2024-10-30T13:16:42.615000+0000,t5_2tjkc,https://www.reddit.com/r/StopGaming/comments/1gfm9zv/what_am_i_missing_when_comparing_gaming_to_other/,What am I missing when comparing gaming to other hobbies?,23,2024-10-31 12:20:25,Stop Gaming,N/A
143,u/RiseAggressive1392,2024-10-27T18:07:20.623000+0000,t5_2tjkc,https://www.reddit.com/r/StopGaming/comments/1gdh6i9/league_of_legends_is_hell_on_earth/,League of Legends is Hell on Earth,30,2024-10-31 12:21:02,Stop Gaming,N/A
144,u/Wrongdoermore98,2024-10-29T19:59:48.374000+0000,t5_2tjkc,https://www.reddit.com/r/StopGaming/comments/1gf3x0i/if_you_need_a_reason_to_quit_playing_video_games/,If you need a reason to quit playing video games here it is. ,6,2024-10-31 12:21:02,Stop Gaming,Gratitude
145,u/Due-Maintenance-2388,2024-10-25T23:35:33.734000+0000,t5_2tjkc,https://www.reddit.com/r/StopGaming/comments/1gc7x0r/gaming_keeps_me_from_becoming_the_person_i_want/,gaming keeps me from becoming the person i want to be,17,2024-10-31 12:21:02,Stop Gaming,N/A
146,u/mariah_humorous,2024-10-07T01:06:41.785000+0000,t5_2tjkc,https://i.redd.it/flsevsgzp4m81.png,but streamers earn millions playing video games,29,2024-10-31 12:21:38,Stop Gaming,N/A
147,u/FireHamilton,2024-10-03T15:17:42.816000+0000,t5_2tjkc,https://www.reddit.com/r/StopGaming/comments/1fva7z1/video_games_are_simply_a_waste_of_life/,Video games are simply a waste of life,31,2024-10-31 12:21:38,Stop Gaming,N/A
148,u/cellbang,2024-10-07T06:11:21.243000+0000,t5_2tjkc,https://www.reddit.com/r/StopGaming/comments/1fy0zx9/from_grandmaster_in_league_of_legends_to_harvard/,From Grandmaster in League of Legends to Harvard,23,2024-10-31 12:21:38,Stop Gaming,Advice
149,u/stofcello,2024-07-28T18:21:57.255000+0000,t5_2tjkc,https://www.reddit.com/gallery/1eedzeu,3 years no games milestone,43,2024-10-31 12:22:23,Stop Gaming,Achievement
150,u/Jazman2k,2024-03-10T09:55:16.234000+0000,t5_2tjkc,https://i.redd.it/094b4u2sbhnc1.jpeg,Here it goes. I sold my gaming PC. Packed and waiting for new owner to pick it up. I am anxious. I feel nervous. ,43,2024-10-31 12:22:23,Stop Gaming,Newcomer
151,u/Ok_Minimum6419,2024-09-30T19:47:09.408000+0000,t5_2tjkc,https://www.reddit.com/gallery/1ft4p8c,Instead of spending my weekend playing games I went backpacking,14,2024-10-31 12:22:23,Stop Gaming,Achievement
152,u/ParzivalRPOne,2017-04-14T05:59:26.131000+0000,t5_2tjkc,https://www.reddit.com/r/StopGaming/comments/65awsk/as_a_gamer_i_completely_support_this_sub_and_all/,"As a gamer, I completely support this sub and all it does. Keep up the work.",55,2024-10-31 12:22:59,Stop Gaming,N/A
153,u/Sisyphusarbeit,2020-12-28T15:09:19.374000+0000,t5_2tjkc,https://i.redd.it/61qgyxxh1y761.jpg,Time to quit.,55,2024-10-31 12:22:59,Stop Gaming,N/A
154,[deleted],2020-05-21T03:44:17.711000+0000,t5_2tjkc,https://i.imgur.com/XG7Bm89.jpg,Wise words,16,2024-10-31 12:22:59,Stop Gaming,N/A
155,u/mystskinx,2024-10-31T07:45:48.538000+0000,t5_2rbuf,https://www.reddit.com/r/stopsmoking/comments/1gg9521/cut_down_to_1_cigarette_for_the_past_5_days_just/,"Cut down to 1 cigarette for the past 5 days, just smoked my last one, threw my ashtray and lighters and I will keep posting here for accountability",7,2024-10-31 12:23:39,Stop Smoking,N/A
156,u/heldrakon,2024-10-31T05:24:24.810000+0000,t5_2rbuf,https://www.reddit.com/gallery/1gg7axl,Just realized I made it past a MONTH !!!,8,2024-10-31 12:23:39,Stop Smoking,N/A
157,u/ThrowRA_SADBOIry,2024-10-30T23:53:39.212000+0000,t5_2rbuf,https://www.reddit.com/r/stopsmoking/comments/1gg140d/quitting_nicotine_isnt_even_hard_its_actually_so/,"Quitting nicotine isn't even hard, its actually so easy",15,2024-10-31 12:23:39,Stop Smoking,N/A
158,u/mystskinx,2024-10-31T07:45:48.538000+0000,t5_2rbuf,https://www.reddit.com/r/stopsmoking/comments/1gg9521/cut_down_to_1_cigarette_for_the_past_5_days_just/,"Cut down to 1 cigarette for the past 5 days, just smoked my last one, threw my ashtray and lighters and I will keep posting here for accountability",7,2024-10-31 12:24:15,Stop Smoking,N/A
159,u/heldrakon,2024-10-31T05:24:24.810000+0000,t5_2rbuf,https://www.reddit.com/gallery/1gg7axl,Just realized I made it past a MONTH !!!,8,2024-10-31 12:24:15,Stop Smoking,N/A
160,u/ThrowRA_SADBOIry,2024-10-30T23:53:39.212000+0000,t5_2rbuf,https://www.reddit.com/r/stopsmoking/comments/1gg140d/quitting_nicotine_isnt_even_hard_its_actually_so/,"Quitting nicotine isn't even hard, its actually so easy",15,2024-10-31 12:24:15,Stop Smoking,N/A
161,u/Ok_Effective4266,2024-10-31T10:33:57.397000+0000,t5_2rbuf,https://www.reddit.com/r/stopsmoking/comments/1ggbcdv/i_started_again/,I started again….,0,2024-10-31 12:24:53,Stop Smoking,N/A
162,u/keyboardmaga,2024-10-31T10:29:23.780000+0000,t5_2rbuf,https://www.reddit.com/r/stopsmoking/comments/1ggb9ym/will_i_get_stomach_cancer_from_smoking/,Will i get stomach cancer from smoking,3,2024-10-31 12:24:53,Stop Smoking,N/A
163,u/idrk144,2024-10-31T10:03:03.625000+0000,t5_2rbuf,https://www.reddit.com/r/stopsmoking/comments/1ggawjo/relapsed_at_63_hours_how_fd_am_i/,Relapsed at 63 Hours - How F’d am I?,1,2024-10-31 12:24:53,Stop Smoking,N/A
164,u/idrk144,2024-10-31T10:03:03.625000+0000,t5_2rbuf,https://www.reddit.com/r/stopsmoking/comments/1ggawjo/relapsed_at_63_hours_how_fd_am_i/,Relapsed at 63 Hours - How F’d am I?,1,2024-10-31 12:25:30,Stop Smoking,N/A
165,u/keyboardmaga,2024-10-31T10:29:23.780000+0000,t5_2rbuf,https://www.reddit.com/r/stopsmoking/comments/1ggb9ym/will_i_get_stomach_cancer_from_smoking/,Will i get stomach cancer from smoking,3,2024-10-31 12:25:30,Stop Smoking,N/A
166,u/mystskinx,2024-10-31T07:45:48.538000+0000,t5_2rbuf,https://www.reddit.com/r/stopsmoking/comments/1gg9521/cut_down_to_1_cigarette_for_the_past_5_days_just/,"Cut down to 1 cigarette for the past 5 days, just smoked my last one, threw my ashtray and lighters and I will keep posting here for accountability",7,2024-10-31 12:25:30,Stop Smoking,N/A
167,u/aimee_panda,2024-10-30T17:16:46.018000+0000,t5_2rbuf,https://www.reddit.com/r/stopsmoking/comments/1gfrul6/whoever_said_they_quit_by_gaslighting_themselves/,Whoever said they quit by gaslighting themselves into thinking they were a non smoker,30,2024-10-31 12:26:07,Stop Smoking,N/A
168,u/rushilkr1,2024-10-30T15:02:30.159000+0000,t5_2rbuf,https://www.reddit.com/r/stopsmoking/comments/1gfomv0/doctor_here_need_to_quit_i_know_how_bad_smoking/,Doctor here. Need to quit. I know how bad smoking is. Tried multiple times. Haven't been successful.,82,2024-10-31 12:26:07,Stop Smoking,N/A
169,u/ThrowRA_SADBOIry,2024-10-30T23:53:39.212000+0000,t5_2rbuf,https://www.reddit.com/r/stopsmoking/comments/1gg140d/quitting_nicotine_isnt_even_hard_its_actually_so/,"Quitting nicotine isn't even hard, its actually so easy",15,2024-10-31 12:26:07,Stop Smoking,N/A
170,u/keyboardmaga,2024-10-31T10:29:23.780000+0000,t5_2rbuf,https://www.reddit.com/r/stopsmoking/comments/1ggb9ym/will_i_get_stomach_cancer_from_smoking/,Will i get stomach cancer from smoking,3,2024-10-31 12:26:44,Stop Smoking,N/A
171,u/Ok_Effective4266,2024-10-31T10:33:57.397000+0000,t5_2rbuf,https://www.reddit.com/r/stopsmoking/comments/1ggbcdv/i_started_again/,I started again….,0,2024-10-31 12:26:44,Stop Smoking,N/A
172,u/aimee_panda,2024-10-30T17:16:46.018000+0000,t5_2rbuf,https://www.reddit.com/r/stopsmoking/comments/1gfrul6/whoever_said_they_quit_by_gaslighting_themselves/,Whoever said they quit by gaslighting themselves into thinking they were a non smoker,30,2024-10-31 12:27:21,Stop Smoking,N/A
173,u/rushilkr1,2024-10-30T15:02:30.159000+0000,t5_2rbuf,https://www.reddit.com/r/stopsmoking/comments/1gfomv0/doctor_here_need_to_quit_i_know_how_bad_smoking/,Doctor here. Need to quit. I know how bad smoking is. Tried multiple times. Haven't been successful.,82,2024-10-31 12:27:21,Stop Smoking,N/A
174,u/ThrowRA_SADBOIry,2024-10-30T23:53:39.212000+0000,t5_2rbuf,https://www.reddit.com/r/stopsmoking/comments/1gg140d/quitting_nicotine_isnt_even_hard_its_actually_so/,"Quitting nicotine isn't even hard, its actually so easy",15,2024-10-31 12:27:21,Stop Smoking,N/A
175,u/Got_Kittens,2024-10-28T02:22:28.135000+0000,t5_2rbuf,https://i.redd.it/sn0ljsbfqexd1.jpeg,Made it 2 years! ,32,2024-10-31 12:28:01,Stop Smoking,N/A
176,u/dlkapt3,2024-10-26T02:50:49.842000+0000,t5_2rbuf,https://i.redd.it/6kqypvrpl0xd1.jpeg,Yeah buddy!,21,2024-10-31 12:28:01,Stop Smoking,N/A
177,u/aimee_panda,2024-10-30T17:16:46.018000+0000,t5_2rbuf,https://www.reddit.com/r/stopsmoking/comments/1gfrul6/whoever_said_they_quit_by_gaslighting_themselves/,Whoever said they quit by gaslighting themselves into thinking they were a non smoker,30,2024-10-31 12:28:01,Stop Smoking,N/A
178,u/ModeKey2589,2024-10-06T01:18:22.255000+0000,t5_2rbuf,https://www.reddit.com/r/stopsmoking/comments/1fx5bj2/30_year_smoker_11_days_free_i_am_trying_so_hard_i/,30 year smoker.... 11 days free. I am trying so hard. I really need some encouragement. ,104,2024-10-31 12:28:38,Stop Smoking,N/A
179,u/beesyrup,2024-10-07T14:06:43.941000+0000,t5_2rbuf,https://i.redd.it/qxqlt2itcctd1.jpeg,4 months nicotine free!,25,2024-10-31 12:28:38,Stop Smoking,N/A
180,u/kinsylol,2024-10-01T16:38:18.475000+0000,t5_2rbuf,https://i.redd.it/lw0balxja6sd1.jpeg,4 years of sobriety and being smoke-free!,29,2024-10-31 12:28:38,Stop Smoking,N/A
181,u/Puzzleheaded-Kiwi957,2024-08-27T18:57:42.712000+0000,t5_2rbuf,https://i.redd.it/h9yq48ri79ld1.jpeg,28 days smoke free. ,53,2024-10-31 12:29:46,Stop Smoking,N/A
182,u/Tight-Elderberry2487,2024-08-25T19:36:37.047000+0000,t5_2rbuf,https://i.redd.it/f7kf7r2m4vkd1.jpeg,Wish me luck! Im done!!!!,53,2024-10-31 12:29:46,Stop Smoking,N/A
183,u/Jimmytowne,2024-05-01T21:33:41.425000+0000,t5_2rbuf,https://i.redd.it/ydxjj0gsvvxc1.jpeg,"1 year, I DID IT!",65,2024-10-31 12:29:46,Stop Smoking,N/A
184,u/OnkelWormsley,2017-03-26T18:22:02.765000+0000,t5_2rbuf,https://www.reddit.com/r/stopsmoking/comments/61n17v/for_every_upvote_i_wont_smoke_for_a_day/,For every upvote I won't smoke for a day,511,2024-10-31 12:30:23,Stop Smoking,N/A
185,u/uniquestring,2014-07-11T07:14:34.553000+0000,t5_2rbuf,https://www.reddit.com/r/stopsmoking/comments/2aep3u/uniquestring_has_died/,Uniquestring has died.,552,2024-10-31 12:30:23,Stop Smoking,N/A
186,u/fucksmoking-,2020-12-17T19:22:02.428000+0000,t5_2rbuf,https://www.reddit.com/r/stopsmoking/comments/kf45yf/for_every_upvote_this_post_gets_ill_go_a_day/,"For every upvote this post gets, I'll go a day without smoking",69,2024-10-31 12:30:23,Stop Smoking,N/A
187,u/Ok_Adeptness_5372,2024-10-31T03:10:33.872000+0000,t5_2qpzs,https://www.reddit.com/r/SuicideWatch/comments/1gg52il/caught_my_gf_cheating/,Caught my GF cheating,27,2024-10-31 12:31:00,SuicideWatch,N/A
188,u/ceciliaSalt,2024-10-31T07:21:24.006000+0000,t5_2qpzs,https://www.reddit.com/r/SuicideWatch/comments/1gg8uee/hey/,Hey,32,2024-10-31 12:31:00,SuicideWatch,N/A
189,u/theonlycriticalarson,2024-10-30T21:59:19.018000+0000,t5_2qpzs,https://www.reddit.com/r/SuicideWatch/comments/1gfyjgr/i_dont_wanna_wake_up_tomorrow_i_just_wanna/,I don't wanna wake up tomorrow. I just wanna continue sleeping till eternity ,11,2024-10-31 12:31:00,SuicideWatch,N/A
190,u/Ok_Adeptness_5372,2024-10-31T03:10:33.872000+0000,t5_2qpzs,https://www.reddit.com/r/SuicideWatch/comments/1gg52il/caught_my_gf_cheating/,Caught my GF cheating,27,2024-10-31 12:31:36,SuicideWatch,N/A
191,u/ceciliaSalt,2024-10-31T07:21:24.006000+0000,t5_2qpzs,https://www.reddit.com/r/SuicideWatch/comments/1gg8uee/hey/,Hey,32,2024-10-31 12:31:36,SuicideWatch,N/A
192,u/theonlycriticalarson,2024-10-30T21:59:19.018000+0000,t5_2qpzs,https://www.reddit.com/r/SuicideWatch/comments/1gfyjgr/i_dont_wanna_wake_up_tomorrow_i_just_wanna/,I don't wanna wake up tomorrow. I just wanna continue sleeping till eternity ,11,2024-10-31 12:31:36,SuicideWatch,N/A
193,u/FunkyFishFries,2024-10-31T11:27:59.751000+0000,t5_2qpzs,https://www.reddit.com/r/SuicideWatch/comments/1ggc7dr/help/,Help,0,2024-10-31 12:32:12,SuicideWatch,N/A
194,u/Front-Fig-9774,2024-10-31T11:25:12.985000+0000,t5_2qpzs,https://www.reddit.com/r/SuicideWatch/comments/1ggc5qz/what_will_happen_if_i_go_to_urgent_care_for/,What will happen if I go to urgent care for suicidal ideations?,0,2024-10-31 12:32:12,SuicideWatch,N/A
195,u/New_Restaurant983,2024-10-31T11:24:59.421000+0000,t5_2qpzs,https://www.reddit.com/r/SuicideWatch/comments/1ggc5me/a_reddit_automated_message_brought_me_here/,A reddit automated message brought me here,0,2024-10-31 12:32:12,SuicideWatch,N/A
196,u/classyfoolishness,2024-10-31T10:49:17.339000+0000,t5_2qpzs,https://www.reddit.com/r/SuicideWatch/comments/1ggbkoo/tired_of_being_called_strong/,Tired of being called strong,3,2024-10-31 12:32:49,SuicideWatch,N/A
197,u/Beyvt,2024-10-31T10:38:03.593000+0000,t5_2qpzs,https://www.reddit.com/r/SuicideWatch/comments/1ggbei0/depression_is_ruining_my_family/,Depression is ruining my family,4,2024-10-31 12:32:49,SuicideWatch,N/A
198,u/Natural-Charity6610,2024-10-31T11:01:40.882000+0000,t5_2qpzs,https://www.reddit.com/r/SuicideWatch/comments/1ggbrtj/it_keeps_going_back_with_every_inconvenience/,It keeps going back with every inconvenience,0,2024-10-31 12:32:49,SuicideWatch,N/A
199,u/Vegetable-Coat9377,2024-10-30T19:11:41.153000+0000,t5_2qpzs,https://www.reddit.com/r/SuicideWatch/comments/1gfummz/14f_suicide_note/,14f suicide note,48,2024-10-31 12:33:25,SuicideWatch,N/A
200,u/Ok_Adeptness_5372,2024-10-31T03:10:33.872000+0000,t5_2qpzs,https://www.reddit.com/r/SuicideWatch/comments/1gg52il/caught_my_gf_cheating/,Caught my GF cheating,27,2024-10-31 12:33:25,SuicideWatch,N/A
201,u/theonlycriticalarson,2024-10-30T21:59:19.018000+0000,t5_2qpzs,https://www.reddit.com/r/SuicideWatch/comments/1gfyjgr/i_dont_wanna_wake_up_tomorrow_i_just_wanna/,I don't wanna wake up tomorrow. I just wanna continue sleeping till eternity ,11,2024-10-31 12:33:25,SuicideWatch,N/A
202,u/classyfoolishness,2024-10-31T10:49:17.339000+0000,t5_2qpzs,https://www.reddit.com/r/SuicideWatch/comments/1ggbkoo/tired_of_being_called_strong/,Tired of being called strong,4,2024-10-31 12:34:01,SuicideWatch,N/A
203,u/Beyvt,2024-10-31T10:38:03.593000+0000,t5_2qpzs,https://www.reddit.com/r/SuicideWatch/comments/1ggbei0/depression_is_ruining_my_family/,Depression is ruining my family,4,2024-10-31 12:34:01,SuicideWatch,N/A
204,u/Natural-Charity6610,2024-10-31T11:01:40.882000+0000,t5_2qpzs,https://www.reddit.com/r/SuicideWatch/comments/1ggbrtj/it_keeps_going_back_with_every_inconvenience/,It keeps going back with every inconvenience,0,2024-10-31 12:34:01,SuicideWatch,N/A
205,u/Vegetable-Coat9377,2024-10-30T19:11:41.153000+0000,t5_2qpzs,https://www.reddit.com/r/SuicideWatch/comments/1gfummz/14f_suicide_note/,14f suicide note,48,2024-10-31 12:34:40,SuicideWatch,N/A
206,u/Ok_Adeptness_5372,2024-10-31T03:10:33.872000+0000,t5_2qpzs,https://www.reddit.com/r/SuicideWatch/comments/1gg52il/caught_my_gf_cheating/,Caught my GF cheating,27,2024-10-31 12:34:40,SuicideWatch,N/A
207,u/theonlycriticalarson,2024-10-30T21:59:19.018000+0000,t5_2qpzs,https://www.reddit.com/r/SuicideWatch/comments/1gfyjgr/i_dont_wanna_wake_up_tomorrow_i_just_wanna/,I don't wanna wake up tomorrow. I just wanna continue sleeping till eternity ,11,2024-10-31 12:34:40,SuicideWatch,N/A
208,u/Orion43410,2024-10-30T06:38:41.536000+0000,t5_2qpzs,https://www.reddit.com/r/SuicideWatch/comments/1gfgcu0/killing_myself_tonight/,Killing myself tonight. ,126,2024-10-31 12:35:16,SuicideWatch,N/A
209,u/DoughnutCool9507,2024-10-27T12:18:43.728000+0000,t5_2qpzs,https://www.reddit.com/r/SuicideWatch/comments/1gd9obb/hate_being_a_woman/,Hate being a woman,207,2024-10-31 12:35:16,SuicideWatch,N/A
210,u/Dangerous-Lettuce34,2024-10-28T17:04:30.610000+0000,t5_2qpzs,https://www.reddit.com/r/SuicideWatch/comments/1ge7ad9/i_wish_i_could_die_in_my_sleep/,I wish I could die in my sleep,70,2024-10-31 12:35:16,SuicideWatch,N/A
211,u/indierock24,2024-10-22T17:00:37.389000+0000,t5_2qpzs,https://www.reddit.com/r/SuicideWatch/comments/1g9n4sx/switching_from_passively_suicidal_to_actively/,Switching From Passively Suicidal to Actively Suicidal Actually Gave Me Relief?,73,2024-10-31 12:35:52,SuicideWatch,N/A
212,u/Theme_Winter,2024-10-20T15:59:48.021000+0000,t5_2qpzs,https://www.reddit.com/r/SuicideWatch/comments/1g81ywc/i_failed_and_someone_died/,I failed and someone died ,122,2024-10-31 12:35:52,SuicideWatch,N/A
213,u/Plutosunrise,2024-10-17T05:39:21.093000+0000,t5_2qpzs,https://www.reddit.com/r/SuicideWatch/comments/1g5jueq/teen_daughter_tried_to_commit_suicide_found_her/,Teen daughter tried to commit suicide. Found her suicide note today,58,2024-10-31 12:35:52,SuicideWatch,N/A
214,[deleted],2024-08-17T07:47:28.358000+0000,t5_2qpzs,https://www.reddit.com/r/SuicideWatch/comments/1eucbq5/i_am_paralyzed_my_fiance_left_me_i_want_to_die/,I am paralyzed. My fiance left me. I want to die.,273,2024-10-31 12:36:29,SuicideWatch,N/A
215,u/link1516,2024-06-17T17:14:18.183000+0000,t5_2qpzs,https://www.reddit.com/r/SuicideWatch/comments/1di3f7s/my_daughter_is_13_years_old_and_just_attempted/,My daughter is 13 years old and just attempted suicide ,300,2024-10-31 12:36:29,SuicideWatch,N/A
216,u/Spo0lie,2023-11-16T21:26:38.875000+0000,t5_2qpzs,https://www.reddit.com/r/SuicideWatch/comments/17wxxhl/going_back_to_the_psych_ward/,Going back to the psych ward,143,2024-10-31 12:36:29,SuicideWatch,N/A
217,[deleted],2021-03-21T23:32:52.028000+0000,t5_2qpzs,https://www.reddit.com/r/SuicideWatch/comments/ma96y1/its_kinda_funny_how_quickly_one_can_go_from_today/,"It’s kinda funny how quickly one can go from “today was a great, productive day” to “I wish I had the courage to just fucking end it already”.",129,2024-10-31 12:37:05,SuicideWatch,N/A
218,u/cleopatra_97,2020-02-25T16:51:01.872000+0000,t5_2qpzs,https://www.reddit.com/r/SuicideWatch/comments/f9d5go/anyone_else_not_want_to_die_and_not_want_to_kill/,Anyone else not want to die and not want to kill themselves but just wish they could just stop existing,312,2024-10-31 12:37:05,SuicideWatch,N/A
219,u/_crustysocks_,2020-12-12T15:22:24.227000+0000,t5_2qpzs,https://www.reddit.com/r/SuicideWatch/comments/kbqsnq/my_mom_died_3_hours_ago/,My mom died 3 hours ago,161,2024-10-31 12:37:05,SuicideWatch,N/A
220,u/Savings-Jicama-8956,2024-10-31T01:56:29.844000+0000,t5_2se6p,https://www.reddit.com/gallery/1gg3nig,My first cycle experience ,65,2024-10-31 12:37:42,Testosterone,PED/cycle story
221,u/ImaginaryCandle3067,2024-10-30T21:27:01.016000+0000,t5_2se6p,https://www.reddit.com/r/Testosterone/comments/1gfxt3t/libido_went_dead_after_12_months_of_lexapro/,libido went dead after 12 months of Lexapro. ,35,2024-10-31 12:37:42,Testosterone,Scientific Studies
222,u/Buckeye_45,2024-10-31T03:21:17.209000+0000,t5_2se6p,https://www.reddit.com/r/Testosterone/comments/1gg59dn/dr_says_results_are_normal_not_low/,"Dr. says results are normal, not low. ",32,2024-10-31 12:37:42,Testosterone,TRT help
223,u/Savings-Jicama-8956,2024-10-31T01:56:29.844000+0000,t5_2se6p,https://www.reddit.com/gallery/1gg3nig,My first cycle experience ,65,2024-10-31 12:38:18,Testosterone,PED/cycle story
224,u/ImaginaryCandle3067,2024-10-30T21:27:01.016000+0000,t5_2se6p,https://www.reddit.com/r/Testosterone/comments/1gfxt3t/libido_went_dead_after_12_months_of_lexapro/,libido went dead after 12 months of Lexapro. ,35,2024-10-31 12:38:18,Testosterone,Scientific Studies
225,u/Buckeye_45,2024-10-31T03:21:17.209000+0000,t5_2se6p,https://www.reddit.com/r/Testosterone/comments/1gg59dn/dr_says_results_are_normal_not_low/,"Dr. says results are normal, not low. ",32,2024-10-31 12:38:18,Testosterone,TRT help
226,u/BananaSalvaje,2024-10-31T11:27:11.067000+0000,t5_2se6p,https://www.reddit.com/r/Testosterone/comments/1ggc6y4/impossible_to_get_trt_where_i_live_so_i_will_do/,"impossible to get TRT where i live so i will do things on my own, thoughts and opinions?",1,2024-10-31 12:38:54,Testosterone,TRT help
227,u/georgefleming1988,2024-10-31T10:16:12.005000+0000,t5_2se6p,https://www.reddit.com/gallery/1ggb34a,"Blood work after 3 months, 500mg per week Test-E",6,2024-10-31 12:38:54,Testosterone,Blood work
228,u/nightpxl,2024-10-31T08:42:14.728000+0000,t5_2se6p,https://www.reddit.com/r/Testosterone/comments/1gg9ujq/is_my_estradiol_too_high/,Is my estradiol too high?,6,2024-10-31 12:38:54,Testosterone,Blood work
229,u/Savings-Jicama-8956,2024-10-31T01:56:29.844000+0000,t5_2se6p,https://www.reddit.com/gallery/1gg3nig,My first cycle experience ,66,2024-10-31 12:39:31,Testosterone,PED/cycle story
230,u/ImaginaryCandle3067,2024-10-30T21:27:01.016000+0000,t5_2se6p,https://www.reddit.com/r/Testosterone/comments/1gfxt3t/libido_went_dead_after_12_months_of_lexapro/,libido went dead after 12 months of Lexapro. ,35,2024-10-31 12:39:31,Testosterone,Scientific Studies
231,u/Buckeye_45,2024-10-31T03:21:17.209000+0000,t5_2se6p,https://www.reddit.com/r/Testosterone/comments/1gg59dn/dr_says_results_are_normal_not_low/,"Dr. says results are normal, not low. ",32,2024-10-31 12:39:31,Testosterone,TRT help
232,u/Savings-Jicama-8956,2024-10-31T01:56:29.844000+0000,t5_2se6p,https://www.reddit.com/gallery/1gg3nig,My first cycle experience ,66,2024-10-31 12:40:07,Testosterone,PED/cycle story
233,u/ImaginaryCandle3067,2024-10-30T21:27:01.016000+0000,t5_2se6p,https://www.reddit.com/r/Testosterone/comments/1gfxt3t/libido_went_dead_after_12_months_of_lexapro/,libido went dead after 12 months of Lexapro. ,35,2024-10-31 12:40:07,Testosterone,Scientific Studies
234,u/JoelCodes,2024-10-30T15:07:10.646000+0000,t5_2se6p,https://www.reddit.com/gallery/1gfordo,Labs: low energy and always feel tired,33,2024-10-31 12:40:07,Testosterone,Blood work
235,u/BananaSalvaje,2024-10-31T11:27:11.067000+0000,t5_2se6p,https://www.reddit.com/r/Testosterone/comments/1ggc6y4/impossible_to_get_trt_where_i_live_so_i_will_do/,"impossible to get TRT where i live so i will do things on my own, thoughts and opinions?",1,2024-10-31 12:40:44,Testosterone,TRT help
236,u/Savings-Jicama-8956,2024-10-31T01:56:29.844000+0000,t5_2se6p,https://www.reddit.com/gallery/1gg3nig,My first cycle experience ,66,2024-10-31 12:41:21,Testosterone,PED/cycle story
237,u/ImaginaryCandle3067,2024-10-30T21:27:01.016000+0000,t5_2se6p,https://www.reddit.com/r/Testosterone/comments/1gfxt3t/libido_went_dead_after_12_months_of_lexapro/,libido went dead after 12 months of Lexapro. ,35,2024-10-31 12:41:21,Testosterone,Scientific Studies
238,u/JoelCodes,2024-10-30T15:07:10.646000+0000,t5_2se6p,https://www.reddit.com/gallery/1gfordo,Labs: low energy and always feel tired,33,2024-10-31 12:41:21,Testosterone,Blood work
239,u/Conscious-Island-370,2024-10-27T23:58:04.876000+0000,t5_2se6p,https://i.redd.it/is36zytp0exd1.jpeg,BF has low T but won’t take his shots,597,2024-10-31 12:42:09,Testosterone,TRT help
240,u/New_Ad_1869,2024-10-25T06:37:37.755000+0000,t5_2se6p,https://www.reddit.com/gallery/1gbo06f,242>177lbs 26 weeks on test transformation,122,2024-10-31 12:42:09,Testosterone,PED/cycle story
241,u/Otherwise-Umpire7948,2024-10-24T13:20:36.940000+0000,t5_2se6p,https://i.redd.it/yg1qqso8gpwd1.jpeg,Almost 4 weeks into this process . Feeling great ,93,2024-10-31 12:42:09,Testosterone,TRT story
242,u/Crafty_Ad2966,2024-10-23T11:04:04.889000+0000,t5_2se6p,https://www.reddit.com/r/Testosterone/comments/1ga7s9e/stop_telling_people_to_take_finasteride/,Stop telling people to take Finasteride!,360,2024-10-31 12:42:45,Testosterone,Other
243,u/Conscious-Island-370,2024-10-27T23:58:04.876000+0000,t5_2se6p,https://i.redd.it/is36zytp0exd1.jpeg,BF has low T but won’t take his shots,597,2024-10-31 12:42:45,Testosterone,TRT help
244,u/Competitive_Bird6984,2024-10-12T16:02:15.954000+0000,t5_2se6p,https://www.reddit.com/r/Testosterone/comments/1g23c1c/the_testosterone_cheat_code_unexpected_side/,The testosterone cheat code. Unexpected side effects.  ,75,2024-10-31 12:42:45,Testosterone,TRT story
245,u/hughcrew007,2024-03-03T02:55:33.247000+0000,t5_2se6p,https://www.reddit.com/gallery/1b56is4,Finally hit 100 lbs of weight loss,122,2024-10-31 12:43:22,Testosterone,TRT story
246,u/Coltonkidd,2024-03-06T22:17:15.823000+0000,t5_2se6p,https://www.reddit.com/gallery/1b8d181,6 months transformation! 3 months of TRT as of today.,480,2024-10-31 12:43:22,Testosterone,TRT story
247,u/Coltonkidd,2024-08-05T16:46:46.005000+0000,t5_2se6p,https://www.reddit.com/gallery/1eksntw,9 month transformation!,190,2024-10-31 12:43:22,Testosterone,TRT story
248,u/JamesChef,2022-10-07T22:56:12.797000+0000,t5_2se6p,https://i.redd.it/mnezquukrgs91.jpg,2 year progress. 37 years old and on the left I was at 232 ng/dl and with my current dosage of 160mg / week I am hovering just over 1200. Training 3-5x week. My depression and anxiety with low test was almost unbearable. Body changes are great but mental heath improvements have been life changing.,402,2024-10-31 12:44:00,Testosterone,N/A
249,u/PocketSizeDemons,2019-12-05T15:58:49.334000+0000,t5_2se6p,https://i.redd.it/e1mxj9wt7u241.jpg,This pretty much sums it up,128,2024-10-31 12:44:00,Testosterone,N/A
250,u/Puzzled_Elderberry46,2022-12-29T16:50:49.203000+0000,t5_2se6p,https://i.redd.it/d552oekkrw8a1.jpg,365 to 235 in 7.5 months. Lots of longer term fasting. Testosterone optimized about 5 weeks before the start.,422,2024-10-31 12:44:00,Testosterone,N/A
251,u/shoelessgreek,2024-10-30T21:56:14.093000+0000,t5_2x3bb,https://www.reddit.com/r/transplant/comments/1gfyh08/insurance_vent/,Insurance - vent,13,2024-10-31 12:44:38,Transplant,N/A
252,u/Minim1ght,2024-10-31T01:54:54.484000+0000,t5_2x3bb,https://www.reddit.com/r/transplant/comments/1gg3mfo/biliary_tube_experiences/,Biliary Tube experiences?,6,2024-10-31 12:44:38,Transplant,Liver
253,u/AcceptableDog8871,2024-10-31T10:42:08.935000+0000,t5_2x3bb,https://www.reddit.com/r/transplant/comments/1ggbgpv/i_have_a_cold_and_im_scared_it_will_harm_my/,I have a cold and I’m scared it will harm my transplant/lab results that I have later today. ,7,2024-10-31 12:44:38,Transplant,Kidney
254,u/shoelessgreek,2024-10-30T21:56:14.093000+0000,t5_2x3bb,https://www.reddit.com/r/transplant/comments/1gfyh08/insurance_vent/,Insurance - vent,13,2024-10-31 12:45:14,Transplant,N/A
255,u/Minim1ght,2024-10-31T01:54:54.484000+0000,t5_2x3bb,https://www.reddit.com/r/transplant/comments/1gg3mfo/biliary_tube_experiences/,Biliary Tube experiences?,6,2024-10-31 12:45:14,Transplant,Liver
256,u/AcceptableDog8871,2024-10-31T10:42:08.935000+0000,t5_2x3bb,https://www.reddit.com/r/transplant/comments/1ggbgpv/i_have_a_cold_and_im_scared_it_will_harm_my/,I have a cold and I’m scared it will harm my transplant/lab results that I have later today. ,7,2024-10-31 12:45:14,Transplant,Kidney
257,u/AcceptableDog8871,2024-10-31T10:42:08.935000+0000,t5_2x3bb,https://www.reddit.com/r/transplant/comments/1ggbgpv/i_have_a_cold_and_im_scared_it_will_harm_my/,I have a cold and I’m scared it will harm my transplant/lab results that I have later today. ,7,2024-10-31 12:45:50,Transplant,Kidney
258,u/Minim1ght,2024-10-31T01:54:54.484000+0000,t5_2x3bb,https://www.reddit.com/r/transplant/comments/1gg3mfo/biliary_tube_experiences/,Biliary Tube experiences?,6,2024-10-31 12:45:50,Transplant,Liver
259,u/YogurtclosetNo2521,2024-10-30T22:54:49.695000+0000,t5_2x3bb,https://www.reddit.com/r/transplant/comments/1gfzt1p/tac_induced_hair_thinning/,Tac induced hair thinning,23,2024-10-31 12:45:50,Transplant,N/A
260,u/shoelessgreek,2024-10-30T21:56:14.093000+0000,t5_2x3bb,https://www.reddit.com/r/transplant/comments/1gfyh08/insurance_vent/,Insurance - vent,13,2024-10-31 12:46:27,Transplant,N/A
261,u/Minim1ght,2024-10-31T01:54:54.484000+0000,t5_2x3bb,https://www.reddit.com/r/transplant/comments/1gg3mfo/biliary_tube_experiences/,Biliary Tube experiences?,6,2024-10-31 12:46:27,Transplant,Liver
262,u/AcceptableDog8871,2024-10-31T10:42:08.935000+0000,t5_2x3bb,https://www.reddit.com/r/transplant/comments/1ggbgpv/i_have_a_cold_and_im_scared_it_will_harm_my/,I have a cold and I’m scared it will harm my transplant/lab results that I have later today. ,7,2024-10-31 12:46:27,Transplant,Kidney
263,u/lake_huron,2024-10-30T15:08:18.268000+0000,t5_2x3bb,/r/notinteresting/comments/1gfhyvy/whats_your_opinion_on_lungs/,What’s your opinion on Lungs?,29,2024-10-31 12:47:03,Transplant,N/A
264,u/shoelessgreek,2024-10-30T21:56:14.093000+0000,t5_2x3bb,https://www.reddit.com/r/transplant/comments/1gfyh08/insurance_vent/,Insurance - vent,13,2024-10-31 12:47:03,Transplant,N/A
265,u/CulturalVacation7246,2024-10-30T13:13:03.775000+0000,t5_2x3bb,https://www.reddit.com/r/transplant/comments/1gfm73b/what_do_you_think_are_the_chances_of_a_kidney/,"What do you think are the chances of a kidney transplant being successful without any rejection, based on your experience or what you've heard?",46,2024-10-31 12:47:03,Transplant,Kidney
266,u/lake_huron,2024-10-30T15:08:18.268000+0000,t5_2x3bb,/r/notinteresting/comments/1gfhyvy/whats_your_opinion_on_lungs/,What’s your opinion on Lungs?,29,2024-10-31 12:48:15,Transplant,N/A
267,u/shoelessgreek,2024-10-30T21:56:14.093000+0000,t5_2x3bb,https://www.reddit.com/r/transplant/comments/1gfyh08/insurance_vent/,Insurance - vent,13,2024-10-31 12:48:15,Transplant,N/A
268,u/CulturalVacation7246,2024-10-30T13:13:03.775000+0000,t5_2x3bb,https://www.reddit.com/r/transplant/comments/1gfm73b/what_do_you_think_are_the_chances_of_a_kidney/,"What do you think are the chances of a kidney transplant being successful without any rejection, based on your experience or what you've heard?",46,2024-10-31 12:48:15,Transplant,Kidney
269,u/tri_sect,2024-10-24T16:38:40.400000+0000,t5_2x3bb,https://www.reddit.com/r/transplant/comments/1gb71ds/today_is_16_years_with_my_kidney/,Today is 16 years with my kidney :),39,2024-10-31 12:48:52,Transplant,N/A
270,u/Agitated_Product5134,2024-10-25T19:27:14.284000+0000,t5_2x3bb,https://www.reddit.com/gallery/1gc2idz,4 month vs 1 month post transplant,47,2024-10-31 12:48:52,Transplant,Kidney
271,u/Minim1ght,2024-10-29T04:26:31.852000+0000,t5_2x3bb,https://www.reddit.com/r/transplant/comments/1gemefy/its_official/,It's official!,26,2024-10-31 12:48:52,Transplant,Liver
272,u/tri_sect,2024-10-24T16:38:40.400000+0000,t5_2x3bb,https://www.reddit.com/r/transplant/comments/1gb71ds/today_is_16_years_with_my_kidney/,Today is 16 years with my kidney :),39,2024-10-31 12:49:28,Transplant,N/A
273,u/lake_huron,2024-10-22T12:43:18.218000+0000,t5_2x3bb,/r/notinteresting/comments/1g94pwc/my_liver_is_working/,My liver is working!!,25,2024-10-31 12:49:28,Transplant,N/A
274,u/japinard,2024-10-15T20:56:42.081000+0000,t5_2x3bb,https://www.reddit.com/r/transplant/comments/1g4i7sc/today_is_my_1_year_double_lung_anniversary/,Today is my 1 year double lung anniversary.,32,2024-10-31 12:49:28,Transplant,Lung
275,u/Californialways,2024-02-23T19:00:49.269000+0000,t5_2x3bb,https://www.reddit.com/gallery/1ay8ncy,I’m going in…,134,2024-10-31 12:50:19,Transplant,Kidney
276,u/Smappykins,2024-04-07T14:33:54.500000+0000,t5_2x3bb,https://i.redd.it/831mqjj0j2tc1.jpeg,Best shirt ever,68,2024-10-31 12:50:19,Transplant,N/A
277,u/_augustslippedaway,2024-06-06T22:31:52.567000+0000,t5_2x3bb,https://www.reddit.com/gallery/1d9v5ld,day of transplant vs. day 3 :),53,2024-10-31 12:50:19,Transplant,Kidney
278,u/turanga_leland,2023-04-23T23:34:23.351000+0000,t5_2x3bb,https://i.redd.it/ffopom6egrva1.jpg,"One week out from my 3rd heart and first kidney! This shit is rouuuugh but I can feel myself getting stronger. 1st heart was ‘96, second was ‘04, I’m 31 now and grateful to still be on this earth.",45,2024-10-31 12:51:04,Transplant,N/A
279,u/Californialways,2024-02-23T19:00:49.269000+0000,t5_2x3bb,https://www.reddit.com/gallery/1ay8ncy,I’m going in…,134,2024-10-31 12:51:04,Transplant,Kidney
280,u/Dillon508555,2023-09-14T17:58:29.126000+0000,t5_2x3bb,https://i.redd.it/f0chyudqf9ob1.jpg,My face before and after kidney transplant (one week out),23,2024-10-31 12:51:04,Transplant,N/A
281,u/misosouplover99,2024-10-31T00:35:58.042000+0000,t5_2se6z,https://www.reddit.com/gallery/1gg20u5,Is this legal? ,19,2024-10-31 12:51:41,TroubledTeens,Teenager Help
282,u/Independent-Fee-8412,2024-10-31T05:05:28.294000+0000,t5_2se6z,https://www.reddit.com/r/troubledteens/comments/1gg70d5/abusive_behavior_modification_program/,abusive behavior modification program,3,2024-10-31 12:51:41,TroubledTeens,Question
283,u/TKInstinct,2024-10-30T22:07:03.536000+0000,t5_2se6z,https://www.reddit.com/r/troubledteens/comments/1gfyq29/was_there_any_further_explination_or_talk_of_who/,"Was there any further explination or talk of who ""Ron"" was from elan.school?",6,2024-10-31 12:51:41,TroubledTeens,Question
284,u/misosouplover99,2024-10-31T00:35:58.042000+0000,t5_2se6z,https://www.reddit.com/gallery/1gg20u5,Is this legal? ,19,2024-10-31 12:52:18,TroubledTeens,Teenager Help
285,u/Independent-Fee-8412,2024-10-31T05:05:28.294000+0000,t5_2se6z,https://www.reddit.com/r/troubledteens/comments/1gg70d5/abusive_behavior_modification_program/,abusive behavior modification program,3,2024-10-31 12:52:18,TroubledTeens,Question
286,u/TKInstinct,2024-10-30T22:07:03.536000+0000,t5_2se6z,https://www.reddit.com/r/troubledteens/comments/1gfyq29/was_there_any_further_explination_or_talk_of_who/,"Was there any further explination or talk of who ""Ron"" was from elan.school?",6,2024-10-31 12:52:18,TroubledTeens,Question
287,u/intelligentninja123,2024-10-31T11:29:27.024000+0000,t5_2se6z,https://www.reddit.com/r/troubledteens/comments/1ggc8a3/survivors_how_has_your_experience_in_the_troubled/,Survivors: How has your experience in the troubled teen industry impacted you at work?,0,2024-10-31 12:52:55,TroubledTeens,Question
288,u/Secret-Match-2961,2024-10-31T05:44:55.247000+0000,t5_2se6z,https://www.reddit.com/r/troubledteens/comments/1gg7l82/the_academy_fijioregon/,The Academy- Fiji/Oregon,0,2024-10-31 12:52:55,TroubledTeens,Discussion/Reflection
289,u/Independent-Fee-8412,2024-10-31T05:05:28.294000+0000,t5_2se6z,https://www.reddit.com/r/troubledteens/comments/1gg70d5/abusive_behavior_modification_program/,abusive behavior modification program,3,2024-10-31 12:52:55,TroubledTeens,Question
290,u/misosouplover99,2024-10-31T00:35:58.042000+0000,t5_2se6z,https://www.reddit.com/gallery/1gg20u5,Is this legal? ,19,2024-10-31 12:53:31,TroubledTeens,Teenager Help
291,u/Independent-Fee-8412,2024-10-31T05:05:28.294000+0000,t5_2se6z,https://www.reddit.com/r/troubledteens/comments/1gg70d5/abusive_behavior_modification_program/,abusive behavior modification program,3,2024-10-31 12:53:31,TroubledTeens,Question
292,u/TKInstinct,2024-10-30T22:07:03.536000+0000,t5_2se6z,https://www.reddit.com/r/troubledteens/comments/1gfyq29/was_there_any_further_explination_or_talk_of_who/,"Was there any further explination or talk of who ""Ron"" was from elan.school?",6,2024-10-31 12:53:31,TroubledTeens,Question
293,u/Roald-Dahl,2024-10-30T16:09:11.457000+0000,t5_2se6z,https://www.reddit.com/gallery/1gfq8he,The Shady Marketing Tactics at Magnolia Mill Continue…,11,2024-10-31 12:54:08,TroubledTeens,Information
294,u/misosouplover99,2024-10-31T00:35:58.042000+0000,t5_2se6z,https://www.reddit.com/gallery/1gg20u5,Is this legal? ,19,2024-10-31 12:54:08,TroubledTeens,Teenager Help
295,u/TKInstinct,2024-10-30T22:07:03.536000+0000,t5_2se6z,https://www.reddit.com/r/troubledteens/comments/1gfyq29/was_there_any_further_explination_or_talk_of_who/,"Was there any further explination or talk of who ""Ron"" was from elan.school?",6,2024-10-31 12:54:08,TroubledTeens,Question
296,u/intelligentninja123,2024-10-31T11:29:27.024000+0000,t5_2se6z,https://www.reddit.com/r/troubledteens/comments/1ggc8a3/survivors_how_has_your_experience_in_the_troubled/,Survivors: How has your experience in the troubled teen industry impacted you at work?,0,2024-10-31 12:54:45,TroubledTeens,Question
297,u/Roald-Dahl,2024-10-30T16:09:11.457000+0000,t5_2se6z,https://www.reddit.com/gallery/1gfq8he,The Shady Marketing Tactics at Magnolia Mill Continue…,11,2024-10-31 12:55:22,TroubledTeens,Information
298,u/misosouplover99,2024-10-31T00:35:58.042000+0000,t5_2se6z,https://www.reddit.com/gallery/1gg20u5,Is this legal? ,19,2024-10-31 12:55:22,TroubledTeens,Teenager Help
299,u/TKInstinct,2024-10-30T22:07:03.536000+0000,t5_2se6z,https://www.reddit.com/r/troubledteens/comments/1gfyq29/was_there_any_further_explination_or_talk_of_who/,"Was there any further explination or talk of who ""Ron"" was from elan.school?",6,2024-10-31 12:55:22,TroubledTeens,Question
300,u/LesliesLanParty,2024-10-25T15:00:15.712000+0000,t5_2se6z,https://www.reddit.com/r/troubledteens/comments/1gbwavj/i_was_depressed_after_my_grandma_died_so_my/,"I was depressed after my grandma died so my ""therapist"" made me carry around Eeyore",18,2024-10-31 12:55:59,TroubledTeens,Survivor Testimony
301,u/LoneStar1974,2024-10-24T21:03:12.437000+0000,t5_2se6z,https://www.cbsnews.com/chicago/news/troubled-teen-dcfs-system-escapes-midway-airport/,Troubled teen who has spent years in DCFS system escapes custody at Midway Airport,7,2024-10-31 12:55:59,TroubledTeens,News
302,u/Lost_Person123,2024-10-28T10:12:25.836000+0000,t5_2se6z,https://www.reddit.com/r/troubledteens/comments/1gdyhwf/i_probably_sound_insane_when_i_talk_about_the_tti/,I probably sound insane when I talk about the TTI,28,2024-10-31 12:55:59,TroubledTeens,Discussion/Reflection
303,u/LoneStar1974,2024-10-01T21:24:22.180000+0000,t5_2se6z,https://www.sacbee.com/news/politics-government/capitol-alert/article293149169.html,Gavin Newsom signs Paris Hilton-backed bill to crack down on ‘Troubled Teen’ facilities,4,2024-10-31 12:56:36,TroubledTeens,News
304,u/LesliesLanParty,2024-10-25T15:00:15.712000+0000,t5_2se6z,https://www.reddit.com/r/troubledteens/comments/1gbwavj/i_was_depressed_after_my_grandma_died_so_my/,"I was depressed after my grandma died so my ""therapist"" made me carry around Eeyore",18,2024-10-31 12:56:36,TroubledTeens,Survivor Testimony
305,u/LoneStar1974,2024-10-18T21:22:41.718000+0000,t5_2se6z,https://www.dailymail.co.uk/news/article-13973601/Natasia-Pelowski-parents-hired-kidnappers-troubled-teen-industry.html,Woman reveals shocking reason her parents hired kidnappers to snatch her in the middle of the night,48,2024-10-31 12:56:36,TroubledTeens,News
306,u/Xyro77,2024-04-28T20:00:46.701000+0000,t5_2se6z,https://www.reddit.com/r/troubledteens/comments/1cffj3d/help_my_daughter_f_12_was_sent_to_newport_academy/,HELP: My daughter (F 12) was sent to Newport Academy in California. ,210,2024-10-31 12:57:13,TroubledTeens,Teenager Help
307,u/MarionberryFrost8910,2024-03-07T00:49:32.690000+0000,t5_2se6z,https://i.redd.it/z1n29koo7tmc1.jpeg,#1 in the US right now,99,2024-10-31 12:57:13,TroubledTeens,News
308,u/drjmontana,2024-03-06T15:57:51.836000+0000,t5_2se6z,https://www.reddit.com/r/troubledteens/comments/1b83845/a_huge_thank_you_to_katherine_kubler/,A huge THANK YOU to Katherine Kubler,133,2024-10-31 12:57:13,TroubledTeens,Discussion/Reflection
309,u/pixel8,2011-05-25T19:28:18.459000+0000,t5_2se6z,https://www.reddit.com/r/troubledteens/comments/hk0xy/a_gay_teen_describes_her_experience_at_a_utah/,A gay teen describes her experience at a Utah brainwashing facility,1364,2024-10-31 12:57:51,TroubledTeens,N/A
310,u/silenceisdanger,2011-06-18T21:43:16.180000+0000,t5_2se6z,https://www.reddit.com/r/troubledteens/comments/i369v/wilderness_programs_lockdowns_and_reform_ranches/,"Wilderness Programs, Lockdowns and Reform Ranches: One teen's saga of institutionalized abuse",550,2024-10-31 12:57:51,TroubledTeens,N/A
311,u/transsexualdemon,2020-09-25T17:27:04.663000+0000,t5_2se6z,https://i.redd.it/z5bjhfehwbp51.jpg,"My therapist from my last program tried to friend me on Facebook, so I sent her this",39,2024-10-31 12:57:51,TroubledTeens,N/A
312,u/Midgar918,2020-04-21T16:35:00.983000+0000,t5_2v0gp,https://www.reddit.com/r/UKHealthcare/comments/g5ij8b/pneumothorax_and_covid_19/,Pneumothorax and Covid 19,5,2024-10-31 12:58:31,UKHealthcare,N/A
313,u/NaimBrown,2020-04-18T01:17:48.776000+0000,t5_2v0gp,https://www.reddit.com/r/UKHealthcare/comments/g3etch/want_to_see_the_gp/,Want to see the GP,7,2024-10-31 12:58:31,UKHealthcare,N/A
314,u/hazbaz1984,2020-04-13T18:27:16.606000+0000,t5_2v0gp,https://i.redd.it/vtnhlv8toms41.jpg,Parkway Man in Sheffield. Painted in NHS garb with Superman motif.,3,2024-10-31 12:58:31,UKHealthcare,N/A
315,u/Midgar918,2020-04-21T16:35:00.983000+0000,t5_2v0gp,https://www.reddit.com/r/UKHealthcare/comments/g5ij8b/pneumothorax_and_covid_19/,Pneumothorax and Covid 19,5,2024-10-31 12:59:07,UKHealthcare,N/A
316,u/NaimBrown,2020-04-18T01:17:48.776000+0000,t5_2v0gp,https://www.reddit.com/r/UKHealthcare/comments/g3etch/want_to_see_the_gp/,Want to see the GP,7,2024-10-31 12:59:07,UKHealthcare,N/A
317,u/hazbaz1984,2020-04-13T18:27:16.606000+0000,t5_2v0gp,https://i.redd.it/vtnhlv8toms41.jpg,Parkway Man in Sheffield. Painted in NHS garb with Superman motif.,3,2024-10-31 12:59:07,UKHealthcare,N/A
318,u/Midgar918,2020-04-21T16:35:00.983000+0000,t5_2v0gp,https://www.reddit.com/r/UKHealthcare/comments/g5ij8b/pneumothorax_and_covid_19/,Pneumothorax and Covid 19,5,2024-10-31 12:59:44,UKHealthcare,N/A
319,u/NaimBrown,2020-04-18T01:17:48.776000+0000,t5_2v0gp,https://www.reddit.com/r/UKHealthcare/comments/g3etch/want_to_see_the_gp/,Want to see the GP,7,2024-10-31 12:59:44,UKHealthcare,N/A
320,u/hazbaz1984,2020-04-13T18:27:16.606000+0000,t5_2v0gp,https://i.redd.it/vtnhlv8toms41.jpg,Parkway Man in Sheffield. Painted in NHS garb with Superman motif.,3,2024-10-31 12:59:44,UKHealthcare,N/A
321,u/Midgar918,2020-04-21T16:35:00.983000+0000,t5_2v0gp,https://www.reddit.com/r/UKHealthcare/comments/g5ij8b/pneumothorax_and_covid_19/,Pneumothorax and Covid 19,5,2024-10-31 13:00:20,UKHealthcare,N/A
322,u/NaimBrown,2020-04-18T01:17:48.776000+0000,t5_2v0gp,https://www.reddit.com/r/UKHealthcare/comments/g3etch/want_to_see_the_gp/,Want to see the GP,7,2024-10-31 13:00:20,UKHealthcare,N/A
323,u/hazbaz1984,2020-04-13T18:27:16.606000+0000,t5_2v0gp,https://i.redd.it/vtnhlv8toms41.jpg,Parkway Man in Sheffield. Painted in NHS garb with Superman motif.,3,2024-10-31 13:00:20,UKHealthcare,N/A
324,u/neuronihilist,2017-11-19T18:37:14.505000+0000,t5_2v0gp,https://www.reddit.com/r/UKHealthcare/comments/7e2g39/why_are_uk_doctors_so_underpaid_by_the_nhs/,Why are UK doctors so underpaid by the NHS?,24,2024-10-31 13:04:33,UKHealthcare,N/A
325,u/doctorsabroad,2015-09-19T12:24:42.502000+0000,t5_2v0gp,http://medlines.org/2015/09/19/growing-anger-about-the-new-contract-of-the-junior-doctors-in-the-uk/,Growing anger about the new contract of the Junior doctors in the UK,1,2024-10-31 13:04:33,UKHealthcare,N/A
326,u/doctorsabroad,2015-09-17T05:40:57.083000+0000,t5_2v0gp,http://medlines.org/2015/09/17/new-deal-of-30-pay-cut-for-junior-doctors-in-the-uk-aka-the-upcoming-strike-action/,"New deal of 30% pay cut for junior Doctors in the UK, aka the upcoming strike action.",6,2024-10-31 13:04:33,UKHealthcare,N/A
327,u/wewewawa,2024-10-24T20:53:40.764000+0000,t5_2qhat,https://www.reuters.com/business/retail-consumer/mcdonalds-onions-under-scrutiny-after-us-e-coli-outbreak-2024-10-24/,Fast-food chains hold the onions after McDonald&#x27;s E. coli outbreak,1,2024-10-31 13:05:09,Veg,N/A
328,u/skulloflugosi,2024-10-11T15:23:41.058000+0000,t5_2qhat,https://www.thepoultrysite.com/articles/leg-problems-in-broilers,Modern broiler chickens have been bred to get so heavy so quickly it can lead to bone deformities,0,2024-10-31 13:05:09,Veg,N/A
329,u/wewewawa,2024-10-02T23:38:31.773000+0000,t5_2qhat,/r/JapaneseFood/comments/1fuu9lk/im_from_japan_home_to_some_of_the_worlds_longest/,"I’m from Japan, home to some of the world’s longest living people: The No. 1 food I must have in my kitchen",0,2024-10-31 13:05:09,Veg,N/A
330,u/wewewawa,2024-10-24T20:53:40.764000+0000,t5_2qhat,https://www.reuters.com/business/retail-consumer/mcdonalds-onions-under-scrutiny-after-us-e-coli-outbreak-2024-10-24/,Fast-food chains hold the onions after McDonald&#x27;s E. coli outbreak,1,2024-10-31 13:05:45,Veg,N/A
331,u/skulloflugosi,2024-10-11T15:23:41.058000+0000,t5_2qhat,https://www.thepoultrysite.com/articles/leg-problems-in-broilers,Modern broiler chickens have been bred to get so heavy so quickly it can lead to bone deformities,0,2024-10-31 13:05:45,Veg,N/A
332,u/wewewawa,2024-10-02T23:38:31.773000+0000,t5_2qhat,/r/JapaneseFood/comments/1fuu9lk/im_from_japan_home_to_some_of_the_worlds_longest/,"I’m from Japan, home to some of the world’s longest living people: The No. 1 food I must have in my kitchen",0,2024-10-31 13:05:45,Veg,N/A
333,u/wewewawa,2024-10-24T20:53:40.764000+0000,t5_2qhat,https://www.reuters.com/business/retail-consumer/mcdonalds-onions-under-scrutiny-after-us-e-coli-outbreak-2024-10-24/,Fast-food chains hold the onions after McDonald&#x27;s E. coli outbreak,1,2024-10-31 13:06:21,Veg,N/A
334,u/skulloflugosi,2024-10-11T15:23:41.058000+0000,t5_2qhat,https://www.thepoultrysite.com/articles/leg-problems-in-broilers,Modern broiler chickens have been bred to get so heavy so quickly it can lead to bone deformities,0,2024-10-31 13:06:21,Veg,N/A
335,u/wewewawa,2024-10-02T23:38:31.773000+0000,t5_2qhat,/r/JapaneseFood/comments/1fuu9lk/im_from_japan_home_to_some_of_the_worlds_longest/,"I’m from Japan, home to some of the world’s longest living people: The No. 1 food I must have in my kitchen",0,2024-10-31 13:06:21,Veg,N/A
336,u/wewewawa,2024-10-24T20:53:40.764000+0000,t5_2qhat,https://www.reuters.com/business/retail-consumer/mcdonalds-onions-under-scrutiny-after-us-e-coli-outbreak-2024-10-24/,Fast-food chains hold the onions after McDonald&#x27;s E. coli outbreak,1,2024-10-31 13:06:58,Veg,N/A
337,u/skulloflugosi,2024-10-11T15:23:41.058000+0000,t5_2qhat,https://www.thepoultrysite.com/articles/leg-problems-in-broilers,Modern broiler chickens have been bred to get so heavy so quickly it can lead to bone deformities,0,2024-10-31 13:06:58,Veg,N/A
338,u/wewewawa,2024-10-02T23:38:31.773000+0000,t5_2qhat,/r/JapaneseFood/comments/1fuu9lk/im_from_japan_home_to_some_of_the_worlds_longest/,"I’m from Japan, home to some of the world’s longest living people: The No. 1 food I must have in my kitchen",0,2024-10-31 13:06:58,Veg,N/A
339,u/wewewawa,2024-10-24T20:53:40.764000+0000,t5_2qhat,https://www.reuters.com/business/retail-consumer/mcdonalds-onions-under-scrutiny-after-us-e-coli-outbreak-2024-10-24/,Fast-food chains hold the onions after McDonald&#x27;s E. coli outbreak,1,2024-10-31 13:09:22,Veg,N/A
340,u/skulloflugosi,2024-10-11T15:23:41.058000+0000,t5_2qhat,https://www.thepoultrysite.com/articles/leg-problems-in-broilers,Modern broiler chickens have been bred to get so heavy so quickly it can lead to bone deformities,0,2024-10-31 13:09:59,Veg,N/A
341,u/wewewawa,2024-10-24T20:53:40.764000+0000,t5_2qhat,https://www.reuters.com/business/retail-consumer/mcdonalds-onions-under-scrutiny-after-us-e-coli-outbreak-2024-10-24/,Fast-food chains hold the onions after McDonald&#x27;s E. coli outbreak,1,2024-10-31 13:09:59,Veg,N/A
342,u/wewewawa,2024-10-02T23:38:31.773000+0000,t5_2qhat,/r/JapaneseFood/comments/1fuu9lk/im_from_japan_home_to_some_of_the_worlds_longest/,"I’m from Japan, home to some of the world’s longest living people: The No. 1 food I must have in my kitchen",0,2024-10-31 13:09:59,Veg,N/A
343,u/wewewawa,2024-05-16T07:09:31.960000+0000,t5_2qhat,https://www.nbcnews.com/health/health-news/vegetarian-vegan-diets-lower-risk-heart-disease-cancer-rcna151970,"Vegetarian and vegan diets linked to lower risk of heart disease, cancer and death, large review finds",0,2024-10-31 13:10:35,Veg,N/A
344,u/wewewawa,2024-03-08T02:55:48.663000+0000,t5_2qhat,https://www.businessinsider.com/beyond-meat-price-increases-hikes-vegan-falling-sales-cost-margin-2024-2,Beyond Meat plans to hike prices and sharply cut costs as part of a huge turnaround plan to fight slumping sales of plant-based meat,39,2024-10-31 13:10:35,Veg,N/A
345,u/wewewawa,2024-05-29T20:25:38.799000+0000,t5_2qhat,https://www.cnbc.com/2024/03/30/fitness-influencers-swear-by-the-carnivore-diet-what-doctors-think.html,"Fitness influencers swear by the ‘carnivore diet’—it’s ‘basically a terrible idea,’ doctor says",4,2024-10-31 13:10:35,Veg,N/A
346,[deleted],2011-11-08T18:22:32.258000+0000,t5_2qhat,http://imgur.com/VfTSX,Not today morons...,41,2024-10-31 13:11:12,Veg,N/A
347,u/drewsaysgoveg,2013-09-30T14:38:42.750000+0000,t5_2qhat,http://www.reddit.com/tb/1nfv5t,"Richard Dawkins: ""I would like everybody to be a vegetarian... In 100 or 200 years time, we may look back on the way we treated animals today as something like we today look back on the way our forefathers treated slaves."" (x-post from r/atheism)",6,2024-10-31 13:11:12,Veg,N/A
348,u/skulloflugosi,2016-11-15T03:24:12.360000+0000,t5_2qhat,http://yournewswire.com/arnold-schwarzenegger-ive-given-up-meat-for-the-benefit-of-humanity/,Arnold Schwarzenegger: I've Given Up Meat For The Benefit Of Humanity,1,2024-10-31 13:11:12,Veg,N/A
